nickName,email,firstName,lastName,birthDate,street,number,zipCode,country
uroberts,melissaford@gmail.com,Jeremy,Moore,1968-03-22,92276 Lisa View Suite,893,42535,Georgia
edwardmorris,jerry90@hotmail.com,Brittany,White,1916-11-11,467 Sanders Views Apt.,109,27589,Czech Republic
csantana,david19@yahoo.com,Stephen,Yang,2014-03-08,0133 Stephanie,116,73816,Saint Lucia
oscott,debrabell@yahoo.com,William,Wilson,1990-11-28,60661 Heather Summit Apt.,626,42645,Mauritius
uschwartz,mossmicheal@gmail.com,Christopher,Parks,1912-12-05,75777 Stephanie,186,27713,Faroe Islands
john28,crystal92@yahoo.com,Cody,Williams,1970-10-12,073 Andrea,159,06771,Turkmenistan
achan,madelinefaulkner@hotmail.com,Courtney,Henderson,1978-12-28,02007 Salazar,180,82157,Togo
curtissandra,ruthandrews@hotmail.com,Gregory,Carter,1938-09-07,8699 Bennett,90,93035,Northern Mariana Islands
sheilagarcia,carlahooper@hotmail.com,Paul,Reed,2003-06-22,770 Ingram,164,42504,Jamaica
crawfordjessica,arthurgarza@gmail.com,Jeffrey,Holmes,1988-04-20,68503 Meyers Curve Apt.,951,51387,Sudan
pbaird,douglas34@yahoo.com,John,Rubio,1919-02-21,1989 Jason Drives Suite,894,02271,Cuba
jaredtaylor,whitneyoscar@gmail.com,Patrick,Castillo,1981-03-17,79263 Palmer,170,29882,Niger
sandra22,jasmine62@hotmail.com,Alicia,Hawkins,1930-07-23,"PSC 5920, Box",7146,67367,Mexico
johnsonpatrick,toddrussell@gmail.com,Sergio,Cook,1914-05-14,3065 Amy,145,65193,Canada
emilybarr,macdonaldchristopher@hotmail.com,Beth,Pratt,1966-08-18,6946 Christopher,59,90257,Eritrea
mnavarro,sheila83@hotmail.com,Melissa,Miller,1931-11-18,9118 Lopez Isle Suite,656,51852,Saint Barthelemy
qgriffin,jessica10@gmail.com,Jonathan,Ross,1946-05-22,658 Mccoy Inlet Suite,900,54689,Lebanon
ramirezerika,utaylor@gmail.com,David,Rodriguez,1975-11-23,2483 Ana,176,16657,Aruba
jason86,karen94@hotmail.com,Zachary,Willis,2024-02-28,"PSC 5909, Box",2446,59950,Thailand
andremason,christophersanders@hotmail.com,Joseph,Johnson,1989-12-22,7570 Matthew,74,80805,Djibouti
ashley20,matthewmurray@yahoo.com,Bethany,Weber,1927-01-02,911 Christina Crossing Suite,753,51285,Mauritania
storres,natasha21@yahoo.com,Mark,Barber,1955-06-27,58132 Matthew Path Apt.,402,61630,France
yross,younglisa@gmail.com,Melissa,Payne,1925-06-19,5982 Lopez,62,50359,Kazakhstan
teresachandler,georgedawn@yahoo.com,Richard,Shelton,1976-01-26,23557 James,123,05985,Lao People's Democratic Republic
wadams,abrown@hotmail.com,Ian,Hart,2004-10-12,4375 Gray Field Suite,029,89524,New Caledonia
edrake,mcconnelljeanette@gmail.com,Amanda,Li,1993-02-16,380 Joel,126,77972,Marshall Islands
tonyacallahan,smueller@hotmail.com,Terry,Jennings,2014-01-24,75544 Owens,106,78051,Samoa
felicia37,adrienne30@hotmail.com,Mark,Peterson,1988-05-22,08523 Denise Glens Apt.,351,51580,Romania
felicia65,erin48@yahoo.com,Haley,Thomas,1965-09-14,062 Bentley Fords Suite,617,02216,Afghanistan
paul06,qhickman@hotmail.com,Ivan,Weaver,1997-05-31,035 Gina Rapids Suite,413,30149,Central African Republic
timothy15,christopher21@gmail.com,Ann,Richardson,1955-12-24,246 Stefanie,101,11299,Gambia
susan32,donald84@gmail.com,Lauren,DVM,1942-12-08,277 Ashley,158,52092,New Caledonia
jcollins,kevindudley@hotmail.com,Debra,Harvey,1947-08-29,85126 Webb,51,69775,Ukraine
bakerronald,xshaffer@gmail.com,Christopher,Carr,1993-08-15,"PSC 4926, Box",9965,08520,Morocco
michael19,maria01@gmail.com,Kimberly,Rivera,1986-09-23,"PSC 7099, Box",0264,38966,Saudi Arabia
whawkins,richardsdaniel@hotmail.com,Joe,Becker,1932-04-19,12166 Brandy,110,64813,Bermuda
xwalker,monicareid@yahoo.com,Roy,Carter,1976-10-13,762 Smith Extensions Apt.,540,28710,Georgia
joyce59,jesusroberts@gmail.com,Brian,Phelps,1969-07-02,4846 David,138,47791,Somalia
mgarrett,davidfisher@yahoo.com,David,Abbott,1935-01-26,3368 Jerry,47,57215,Vanuatu
dgamble,uflores@gmail.com,Deborah,Mercer,1930-08-28,158 Mccarthy,9,94207,Martinique
sydney62,rcowan@gmail.com,Kaylee,Johnson,1926-10-19,129 Laura,62,17050,Estonia
ojones,ichapman@yahoo.com,Mark,Harris,2003-06-03,735 Christina,144,92051,Zimbabwe
anngarcia,kimberly28@yahoo.com,Jessica,Moss,1922-03-03,4327 Crawford Springs Suite,483,19003,Nepal
lisa78,jperkins@hotmail.com,Robert,Williams,2018-12-24,7396 Rose,24,56207,Turkey
htaylor,matthew44@yahoo.com,Anthony,Ball,2020-04-17,16732 Blake,108,36808,Bhutan
matthewdelgado,johnherrera@hotmail.com,Linda,Lee,1961-04-22,5673 Smith Prairie Apt.,400,92368,Honduras
dmay,ashleyhartman@yahoo.com,Scott,Odonnell,1919-06-25,526 Ruiz Streets Apt.,503,16443,Greenland
yurichard,kristen57@gmail.com,Matthew,MD,1918-02-01,279 Elizabeth,96,25739,Macao
tammy18,freemanshelly@gmail.com,Lindsey,Hoover,1996-07-13,819 Erickson Shores Apt.,744,29814,France
jonathan44,rodriguezbethany@gmail.com,Kevin,Aguilar,1984-12-09,09535 Cherry Alley Suite,924,74147,Turkmenistan
rebecca77,michaelbates@yahoo.com,Mrs.,Butler,1949-10-06,791 Courtney Mountain Suite,504,80704,Papua New Guinea
jonathan53,andreaboyle@gmail.com,Wanda,Owen,2023-06-03,322 Robert Mission Suite,106,52992,Macao
duncanalbert,mariadrake@yahoo.com,Caitlin,Torres,1969-09-21,51276 Wilson Rapids Apt.,075,69789,Denmark
vanessa57,njones@gmail.com,Felicia,Davis,1995-09-09,2366 Chaney,15,74715,New Caledonia
andrewcarpenter,karen51@hotmail.com,Jonathan,Reynolds,1938-10-18,607 Scott Shores Apt.,943,04071,Swaziland
lvilla,thomasalyssa@gmail.com,Lisa,Rodriguez,1936-08-09,037 Caitlin Ford Apt.,918,60850,Denmark
eric22,kimberly05@hotmail.com,Michael,MD,1975-05-30,Unit 8297 Box,3628,76643,Zambia
salazarnicole,mmosley@hotmail.com,Dr.,DVM,1923-02-26,4724 Perez Forges Apt.,587,21647,British Virgin Islands
julieharris,stephen57@yahoo.com,Benjamin,Chen,2003-07-07,6661 Jasmine Wall Suite,958,85209,Togo
richarddavis,stephaniejacobs@gmail.com,Fernando,Flowers,1950-10-17,702 Misty,197,06942,Azerbaijan
cbecker,kathleen40@gmail.com,Amy,Gates,1952-09-11,113 Jennifer,58,42734,Papua New Guinea
jessicawood,nboyd@hotmail.com,Jennifer,Mcintosh,1996-09-14,3663 Newman Trail Suite,145,16617,Fiji
lisa79,rlara@gmail.com,Christopher,Jones,1995-01-18,10094 Rhodes,75,93066,Monaco
ojohnson,whitejessica@gmail.com,Dawn,Brooks,1997-07-29,1065 Allen Bridge Suite,890,65606,Taiwan
tperez,joshua39@yahoo.com,Willie,Steele,1953-11-19,547 Owens,173,41704,Cape Verde
bmiranda,katrina90@yahoo.com,Kristin,Farmer,1961-08-23,92703 Charles Row Suite,475,46832,Niger
ubrooks,wpowers@hotmail.com,Kathy,Boyer,1949-08-13,278 Nixon,173,15527,Jersey
joseweaver,hallkenneth@gmail.com,Tammy,Bryant,1999-11-24,111 Watson Crossing Apt.,368,37531,Cook Islands
pacesteven,ahooper@hotmail.com,Luis,Gonzales,1973-04-29,850 Fernandez,89,23660,Antarctica (the territory South of 60 deg S)
lisa34,hollymayer@hotmail.com,Erica,Mcconnell,2015-04-23,219 Rose,62,87337,French Polynesia
markmitchell,shawn28@gmail.com,Kristen,Mcguire,1924-10-09,86482 Dawn View Apt.,720,18819,Sri Lanka
jonesbryan,whiteaudrey@yahoo.com,Anita,Turner,2006-02-20,7442 Tiffany Ramp Suite,069,85703,Gibraltar
yfrey,shill@yahoo.com,Susan,Wilkinson,1965-01-22,4293 Diaz Ramp Suite,291,68859,Northern Mariana Islands
vegakelly,iwalters@hotmail.com,James,Wilson,1957-08-02,04450 Christopher,65,12185,Mauritius
lmartin,ijones@hotmail.com,Valerie,Skinner,1931-04-10,733 Long,133,14262,Tokelau
burnskaren,johnbraun@yahoo.com,Robert,Howard,1966-11-04,003 Christopher Route Suite,716,06961,Dominican Republic
pjohnston,williamsjessica@gmail.com,Sharon,Wyatt,1974-01-19,0708 Michael,86,46555,Zambia
ppena,hpacheco@gmail.com,Christopher,Cook,1973-10-10,9781 Debra Light Suite,040,87486,Nepal
kshaw,timothy29@gmail.com,Timothy,Dudley,1927-08-16,88914 Thompson,77,99488,Tokelau
rwalters,sheltonstacy@yahoo.com,Charles,Tucker,2012-02-20,Unit 2607 Box,5316,47650,Albania
jennifer15,moodyleah@gmail.com,Tyler,Horn,1934-07-05,888 Margaret Terrace Apt.,594,98718,Montserrat
timothy72,igutierrez@gmail.com,Steven,Owen,2017-11-26,124 Kyle,3,43864,Liechtenstein
mclaughlinallison,jamesthornton@gmail.com,Paul,Coffey,1960-08-21,35225 Guzman,110,62245,Cayman Islands
meghan33,deniseblack@hotmail.com,Nicholas,Jones,2020-09-06,02475 Mcpherson,90,18264,Saint Barthelemy
lwilson,evanscatherine@gmail.com,Daniel,Bean,1995-11-29,245 Harris,101,32046,Vietnam
ykemp,markjohnson@gmail.com,Latoya,Snyder,1982-09-11,64175 Amy Fort Apt.,344,60551,Burundi
leslie88,tina78@gmail.com,Randy,Webster,1974-08-29,9878 Harper Rapids Apt.,622,24675,Greenland
frankjohn,smithjames@yahoo.com,Daniel,Sullivan,1954-12-02,015 Grimes,199,36061,Armenia
jsmith,savagediana@gmail.com,Michael,Thomas,1961-02-20,747 Wendy Pike Apt.,096,02194,Czech Republic
andrew97,jefferycurry@hotmail.com,Lauren,Gutierrez,1909-11-23,5049 Mary,40,49413,Montenegro
nsmith,anewman@hotmail.com,Peter,Walker,1931-05-04,9196 Christopher Viaduct Apt.,732,46277,Colombia
aguilargregory,bakervalerie@gmail.com,Sean,Jimenez,1915-05-05,40051 Morrison Well Apt.,892,05457,Saint Kitts and Nevis
abigail70,christiancameron@hotmail.com,Carl,Scott,2003-07-10,145 Christopher Knolls Suite,117,42129,Azerbaijan
brayrobert,guzmanapril@gmail.com,Heather,Mills,1972-08-28,976 Jonathon,184,87701,Peru
reynoldsamy,johnny44@yahoo.com,Kevin,Brown,1974-02-27,12557 Myers,177,79673,Venezuela
alicia99,medinaelizabeth@yahoo.com,Tina,Wyatt,1981-01-19,041 Brian Plaza Apt.,613,59942,Barbados
williamsjustin,lgray@yahoo.com,Christina,Smith,1990-05-10,60399 Caleb,94,13601,Cocos (Keeling) Islands
blakediana,whitematthew@gmail.com,Erik,Mcdaniel,1934-08-30,3892 Mark Crossing Suite,748,27565,Angola
bonniegallagher,kristopher43@gmail.com,Scott,Willis,1956-11-23,505 Martinez,38,87310,United States Minor Outlying Islands
joseph96,dhiggins@yahoo.com,Deborah,Young,1992-05-03,376 Christine Skyway Apt.,798,66861,Equatorial Guinea
james54,rgutierrez@gmail.com,Elizabeth,Flores,1943-05-19,404 Sheri Points Suite,416,27814,Morocco
jeff25,rick37@gmail.com,Michael,Stewart,1958-02-18,52375 Hopkins,132,00713,Panama
vweiss,omartinez@yahoo.com,Renee,Curry,1975-11-13,87947 Gill Green Apt.,680,71271,Martinique
raymonddaniel,wweber@yahoo.com,Donald,Wagner,2019-12-01,826 Brian,67,12643,Syrian Arab Republic
levans,rossjennifer@gmail.com,Sara,Roberts,1918-12-22,266 Horne Manors Apt.,373,56353,Saint Martin
janet70,lisa37@yahoo.com,Daniel,Blankenship,1931-09-16,536 Danielle Burg Suite,589,65147,Saint Vincent and the Grenadines
jonesgreg,christopherbryant@yahoo.com,Chelsea,Gordon,1986-05-12,4452 Jessica,65,11004,Martinique
john51,joshua01@yahoo.com,Andrew,Dawson,1962-02-28,5129 Martinez Streets Apt.,294,99216,Tajikistan
xdaniels,richardsondavid@gmail.com,Hannah,Parker,1987-03-01,04188 Peter,126,58887,Isle of Man
gfitzgerald,josephpatterson@gmail.com,Elizabeth,Williams,1944-05-14,76018 King,17,72440,Belarus
malik71,murphysabrina@yahoo.com,Ann,Moreno,1986-03-15,934 Angela Spur Apt.,833,69557,Singapore
harryjones,michaelmartin@yahoo.com,Kimberly,Swanson,1956-06-27,7697 Joseph Corner Apt.,609,53749,Sweden
hatfieldbrian,april26@gmail.com,Brian,Giles,1968-08-28,1526 Dawn,26,12671,Montserrat
nstuart,xhubbard@gmail.com,Rita,Garcia,1941-10-07,44083 Donna Neck Apt.,745,51207,Congo
uwalker,erikajackson@hotmail.com,Jessica,Martinez,1950-10-13,USNS,125,22430,Bhutan
marciawebb,jamesmason@gmail.com,Natalie,Torres,1981-11-18,USS,120,20637,Seychelles
michaelschultz,vmitchell@hotmail.com,Stephen,Martinez,2005-04-11,USS,96,71570,Andorra
santiagojoseph,beverlyeaton@gmail.com,John,Gutierrez,1919-10-10,790 Stephens,190,34699,Cyprus
john05,juliamartin@hotmail.com,Martin,Hodge,2004-06-02,65198 Linda,4,57505,Angola
madisonrogers,rodriguezashley@hotmail.com,Janice,Figueroa,1928-08-26,583 Kelly,186,68771,Holy See (Vatican City State)
hunterjill,mary47@gmail.com,Michael,Coleman,1994-09-17,5707 Fuller,106,38134,Palestinian Territory
youngvictoria,zbowers@hotmail.com,Craig,Boone,2013-02-14,53574 April,99,32427,Georgia
jessica81,jessicagreene@yahoo.com,Martha,Hanna,1960-06-20,1613 Meyers,195,08527,Moldova
scott83,kyle54@yahoo.com,Christina,Lyons,2003-10-23,191 Henderson,109,26747,United Arab Emirates
ashley93,markthomas@gmail.com,Emma,Bush,1984-11-04,713 Shawn Crest Suite,336,17733,Brunei Darussalam
shannonlittle,james80@gmail.com,Terri,Rice,1965-02-05,26893 Karen Dam Suite,822,49463,Iraq
lisa42,gibsonsara@gmail.com,Christina,Lindsey,1947-04-19,557 William Avenue Apt.,437,96607,Qatar
megan13,rodriguezjasmine@yahoo.com,Kenneth,Munoz,1972-04-22,2171 Peters Station Apt.,950,45585,Myanmar
lbolton,richard74@yahoo.com,Michael,Morgan,1931-06-17,2111 Brown Isle Apt.,295,56620,Azerbaijan
john13,millerkevin@gmail.com,Timothy,Robinson,2020-12-28,524 Patrick Burgs Apt.,972,56468,Oman
bruce09,muellerkeith@yahoo.com,Lawrence,Brooks,2010-04-10,74401 Mayer View Apt.,097,20645,Netherlands
james20,thomas16@hotmail.com,Michelle,Steele,1977-05-31,175 Blevins Unions Apt.,712,31810,Burundi
richard36,hendersonandrea@hotmail.com,Brenda,Jones,1948-06-14,7776 Francis,3,27215,Vietnam
watersjulie,tjensen@yahoo.com,William,Smith,2000-11-21,58954 Chavez,85,68251,Antigua and Barbuda
gwilson,michaeljohnson@yahoo.com,Laura,Randall,1970-08-02,42596 Hawkins,200,70088,Martinique
tmiller,nguyenaudrey@yahoo.com,Barbara,Alvarez,1924-04-29,785 Veronica Shoal Suite,517,88437,Mexico
halleric,andrewwilliams@hotmail.com,Janet,Hawkins,1918-01-28,4944 Bond,198,50562,Trinidad and Tobago
joshualane,kellyortega@hotmail.com,Julie,Molina,1946-04-13,543 Denise Avenue Suite,164,13680,Barbados
connierogers,jacob31@yahoo.com,Daniel,Jenkins,1948-07-10,792 Sara Trace Suite,401,85218,Guyana
matthewbowen,dodsonriley@yahoo.com,Frank,Short,1915-02-16,53379 Angela,74,10990,New Caledonia
nicholas70,beanamanda@gmail.com,Ricky,Herring,1940-10-09,6571 Lee Drive Apt.,942,83786,Guernsey
richardvega,yprice@hotmail.com,Robert,Tran,1916-07-05,816 Smith,45,55311,Australia
griffitheric,tsingleton@hotmail.com,Adam,Davis,1921-09-30,617 Hill Gateway Suite,037,31840,Cote d'Ivoire
kaneelijah,ronnie75@gmail.com,Tiffany,Tucker,1966-08-31,8378 Davis Village Apt.,184,72474,Bangladesh
jennifer96,joshua33@gmail.com,Angie,Wallace,1971-02-21,1698 Teresa,10,54106,South Georgia and the South Sandwich Islands
ruth95,dbishop@hotmail.com,Nathan,Summers,2014-09-23,087 Herring,161,53914,Cyprus
danielquinn,popealexis@yahoo.com,Michelle,Mitchell,2021-08-18,0010 James Isle Suite,209,70946,Israel
lcurtis,vickie74@hotmail.com,Beth,Smith,1952-11-19,45115 Harvey Forge Apt.,923,22623,Saint Lucia
lesliethomas,aarondodson@hotmail.com,Joshua,Barry,1962-02-23,08407 Marc Ville Apt.,847,41801,Mauritius
moonvictoria,paul27@yahoo.com,Victoria,Robinson,1999-07-08,8746 Allison Valleys Apt.,747,95432,Wallis and Futuna
mmack,danieledwards@yahoo.com,Benjamin,Ramirez,1988-08-21,63023 Sexton Flats Apt.,509,60488,Bahamas
zweiss,xwinters@gmail.com,Russell,Case,1913-01-05,75566 Yates Lane Suite,669,21356,Cameroon
jmclaughlin,hamptonerika@gmail.com,Michael,Bailey,1956-01-08,5935 Miller Center Suite,237,93263,Seychelles
lynnfrey,rasmussenamy@yahoo.com,Mark,Mccall,2021-04-06,99665 Eric Circles Apt.,015,31065,Dominican Republic
fdelacruz,kristinsexton@yahoo.com,Erin,Conway,1995-09-13,"PSC 7264, Box",2229,32347,Ghana
kwright,amandascott@yahoo.com,Annette,Henderson,1948-12-25,7070 Brianna Trafficway Suite,265,65229,Germany
ashleywhitaker,jamesduke@gmail.com,Rebekah,King,2012-03-30,218 Rebecca Corners Suite,129,91673,Ghana
patriciacampbell,olarson@yahoo.com,Kim,Riley,2008-11-25,379 Christopher,66,53489,Belgium
jennifer69,ifox@gmail.com,Ryan,Rogers,1921-01-02,26660 Parsons,176,40442,Monaco
angelacoleman,tpage@yahoo.com,Amy,Austin,2018-06-08,714 Catherine Creek Apt.,416,49502,Benin
fosterdesiree,twilliams@yahoo.com,Elizabeth,PhD,2002-06-21,9626 Larry Cape Suite,492,35503,Kiribati
megan40,navarrosarah@gmail.com,Kayla,MD,2007-04-01,45546 John,18,30092,Hong Kong
johnsonmarie,michelle21@hotmail.com,Lauren,Johnson,1932-07-29,9624 Bailey Roads Apt.,670,68150,Samoa
qlawrence,sonya87@yahoo.com,Krystal,Hall,1943-08-27,916 Carroll,194,34206,Gibraltar
sshannon,coxmichael@hotmail.com,Jonathan,Miller,1970-01-17,4971 Ashley,122,01455,Nauru
wmartinez,shelleyhayes@hotmail.com,Michael,Randolph,1969-12-12,212 Singleton Station Apt.,737,95862,Colombia
vasqueztimothy,jessica15@gmail.com,Tamara,Cummings,1996-10-29,56552 Myers Greens Apt.,263,03007,Cook Islands
seanbutler,elliscarolyn@yahoo.com,Deborah,Hughes,1909-12-16,779 White,52,78339,Panama
udunn,ssnyder@hotmail.com,Mary,Mejia,1970-08-13,USS,61,12930,Bahamas
amycook,mjackson@yahoo.com,Joseph,Moore,1920-05-29,0105 Erin Turnpike Apt.,567,98280,Israel
jorge63,ponceamy@gmail.com,Terry,Huang,1943-07-11,96557 Foster,35,89674,Belgium
ssmith,michelleestrada@yahoo.com,Alisha,Ellis,1929-12-22,982 Swanson Extensions Apt.,613,69334,Svalbard & Jan Mayen Islands
lisa94,yking@yahoo.com,Tara,Nelson,1958-03-30,221 Shields,95,15753,Madagascar
grobinson,lynchsonya@hotmail.com,Brian,Bradford,1911-04-21,121 Morgan Ferry Apt.,905,30198,Christmas Island
floresmindy,camposhelen@hotmail.com,Dale,Cooper,1980-11-23,9997 Watson Tunnel Apt.,229,36174,Svalbard & Jan Mayen Islands
denise59,kelly31@yahoo.com,Jean,Carter,1953-12-21,0715 Sandra,115,59104,Albania
vangaudrey,robertsonchristopher@yahoo.com,Sandra,Scott,1928-01-14,694 Susan,199,48125,Congo
kaylalarson,hsteele@hotmail.com,Heidi,Stephens,1969-09-14,47610 Sullivan Views Suite,663,32470,Indonesia
beth33,ybarry@gmail.com,Roy,Collier,1949-04-28,00730 Lopez Lakes Apt.,886,19857,Holy See (Vatican City State)
lori14,david14@gmail.com,Elizabeth,Roman,1931-06-24,3278 Lisa,63,54849,Nicaragua
jocelyncantu,autumnfitzpatrick@hotmail.com,Nathan,Kelley,1911-08-22,Unit 0574 Box,8495,15914,Colombia
ronald29,ellisallison@yahoo.com,Donald,Taylor,1951-10-02,584 Elijah Ford Suite,265,33400,Indonesia
vweber,tanyahill@yahoo.com,Dr.,MD,1919-09-02,55884 Griffith Shores Suite,150,96430,United States Virgin Islands
davissamantha,montoyamichele@hotmail.com,Melissa,Snyder,1982-01-26,579 Amber Ramp Suite,223,50692,Tunisia
ghendrix,pchandler@hotmail.com,Richard,Riley,1990-12-15,961 Welch,163,14971,Azerbaijan
smorris,jennycrane@hotmail.com,Rita,Santos,1964-01-12,"PSC 3819, Box",2661,65299,Austria
carterisabel,camposrachel@hotmail.com,Lisa,Miller,1948-01-08,1197 Rivera,62,51116,China
troylee,tammy65@hotmail.com,Rita,Atkins,1919-03-04,543 Wang Port Apt.,903,38811,Brazil
ronaldali,alexandernavarro@yahoo.com,Melissa,Wells,1988-05-15,507 Allen,119,61550,Tanzania
nrodriguez,davisanthony@yahoo.com,Darrell,Smith,1910-03-19,68623 Lopez,61,44236,Gabon
erice,russellamanda@hotmail.com,Margaret,Durham,1973-04-09,85420 Kim,51,28007,Bhutan
edwin43,allisonwong@gmail.com,Elizabeth,Patel,2004-05-19,USNS,71,23562,Belize
heather77,daviscourtney@yahoo.com,Vincent,James,1999-05-28,21668 Jackie,191,32375,Morocco
tamijenkins,lisadavis@gmail.com,Peter,Brown,2016-02-24,Unit 6068 Box,7036,19713,Svalbard & Jan Mayen Islands
randalljack,bgonzalez@hotmail.com,Gina,Norris,1950-05-13,47500 Salazar,53,34683,Poland
lgreen,nicholas18@yahoo.com,Edward,Mcdowell,1936-02-07,222 Schmidt,132,62897,Netherlands
gwelch,vanderson@yahoo.com,Samuel,Petersen,1996-11-02,1124 Calderon Brook Suite,269,49270,Antigua and Barbuda
charlessusan,stephanie96@hotmail.com,Nicole,Kennedy,2006-11-15,01987 James,161,94032,Romania
lancewilliams,collierheather@hotmail.com,David,Harper,1916-04-11,38182 Cook,24,59561,Antarctica (the territory South of 60 deg S)
crice,lwhite@hotmail.com,John,Sellers,1947-07-03,882 Nicole Row Suite,186,98423,Honduras
garybush,colemichelle@yahoo.com,Monique,Jones,1978-03-15,"PSC 0814, Box",4557,43283,Mexico
xsantos,wkane@gmail.com,Brendan,Adams,1911-10-18,82420 Danielle Fort Suite,263,51341,Slovenia
pattonsamuel,rojassean@yahoo.com,Michael,Medina,2009-07-06,58398 Dawn,39,84813,Greenland
nicolesullivan,josephshannon@hotmail.com,Nathan,Flores,1940-07-25,6171 Joel Wells Suite,557,64687,Latvia
daniel56,rsanders@gmail.com,Sandra,Thompson,2018-04-09,00638 Luna,101,10827,Tanzania
paul87,ogordon@gmail.com,William,Jones,1937-08-07,166 Kimberly Hollow Apt.,388,34592,Northern Mariana Islands
rushandrew,johnday@yahoo.com,Dana,Chaney,1966-10-31,245 Davila,51,44358,Syrian Arab Republic
hdillon,thompsonsteven@gmail.com,Ashley,Mercer,1932-12-01,9801 Douglas Crescent Suite,261,90375,Congo
rebecca74,holmesbarbara@hotmail.com,William,Russell,1981-12-19,377 Garcia Burg Apt.,464,19475,Azerbaijan
adamsandrea,abean@hotmail.com,Victoria,Avery,1952-06-26,113 Gomez Mountain Apt.,506,71774,Taiwan
dianachambers,susanmartinez@gmail.com,Abigail,Reed,1920-05-25,638 Garcia Circle Apt.,732,20721,Sierra Leone
fallen,hicksjacob@hotmail.com,Christine,Ewing,1932-03-12,660 Sloan Common Suite,495,79639,Iceland
kweaver,ycruz@gmail.com,Tara,Mcintosh,2025-09-22,32044 Harris Burg Apt.,348,36405,Morocco
williamperry,moyerleslie@yahoo.com,Sean,Love,1925-05-30,USNV,193,12394,Poland
salinascarl,petersjanet@hotmail.com,Danielle,Smith,1922-01-26,854 Nichols Loaf Apt.,010,31015,Slovakia (Slovak Republic)
grayamy,espinozaeric@gmail.com,Victoria,Bryant,1993-01-31,9631 Sheila Mountains Apt.,795,84281,Greenland
melissa57,lamryan@yahoo.com,Joseph,Munoz,1958-08-22,22070 Shawn Tunnel Suite,280,36896,Western Sahara
rossrachel,meltonjennifer@yahoo.com,James,Lara,1988-12-07,255 Edward Spring Apt.,291,65141,Mali
brivera,jessicaperkins@gmail.com,Amanda,Scott,1975-06-20,934 Lyons,17,00854,Singapore
richard27,adamsdaniel@yahoo.com,Rachel,Blair,1969-02-24,02906 Scott Mountain Suite,889,77135,Saint Barthelemy
lisabean,sandrascott@yahoo.com,Ashley,Bryant,1927-09-05,56801 Amanda,54,39672,Peru
ryan73,mullenbrittany@yahoo.com,Ryan,Marshall,1959-12-17,3927 Grant,168,45275,French Guiana
vargasjanet,thompsonheather@yahoo.com,Dominic,Vargas,1943-11-09,077 Rodriguez,71,81425,Brunei Darussalam
lindaolsen,amandareyes@hotmail.com,Samantha,Andrade,1957-03-30,812 Steven,46,85019,Christmas Island
fowens,frostmichael@yahoo.com,Jillian,Hernandez,2001-06-06,7422 Sarah,177,91187,Isle of Man
millsjaclyn,davissandra@gmail.com,Samuel,Gilbert,1950-02-17,7800 Miller Shores Suite,614,18711,Kenya
hillriley,cheryl70@hotmail.com,Matthew,Robinson,1982-07-04,1987 Michael,150,20276,United States Minor Outlying Islands
michaelwhite,johnsonlaura@yahoo.com,Susan,Webb,1917-08-21,01114 Cynthia Junction Suite,482,45795,Kenya
lisa66,ugreen@gmail.com,Renee,Smith,2005-10-03,036 Chad,60,04231,Guinea-Bissau
barbara63,zguerrero@hotmail.com,Sherry,Gordon,1988-11-30,5755 Thomas,163,91243,Cape Verde
hughesbrent,ucisneros@hotmail.com,Brandi,Hart,1985-07-28,771 Jones,107,97523,Bolivia
andrew08,michaelwolf@yahoo.com,Kendra,Robinson,1913-12-15,7910 Heather Ports Apt.,189,29541,Costa Rica
nelsonjeffrey,gouldvirginia@yahoo.com,William,Martinez,1984-04-04,3082 Martinez,184,95629,Uganda
watkinskeith,howellelizabeth@hotmail.com,Craig,Morris,2000-11-19,6659 Strong,81,24994,Morocco
tammy68,lucasjohnson@yahoo.com,Corey,Petty,2021-01-21,56324 William,18,69323,Mauritania
gomezcraig,stephenschmidt@yahoo.com,Jody,Mayer,1950-02-20,080 Sullivan,68,09073,Niger
zmccall,cgoodwin@hotmail.com,Melissa,Smith,1989-05-11,34168 Timothy Passage Suite,521,31479,Turkey
todd48,charles34@hotmail.com,Anthony,Rosales,1972-06-11,86962 Brown,47,65367,Burundi
rachelavila,thomashowe@hotmail.com,Patricia,Williams,1945-12-04,0816 Michael Trail Suite,582,49955,Nicaragua
qbell,walter03@yahoo.com,Patrick,Boyer,1922-06-02,3400 Sherri Brook Apt.,491,08194,Mayotte
wongjames,jessicamiller@hotmail.com,Kenneth,Rivera,1992-10-25,86453 Ross Park Apt.,140,10579,Georgia
milleramanda,anna03@yahoo.com,Michael,Lawson,1975-02-22,517 Reese,110,42653,Djibouti
kingwilliam,gonzalezkathleen@yahoo.com,Susan,Mcclain,1927-07-20,72323 Caleb Mountain Apt.,809,63816,Bangladesh
jacob89,vfoster@yahoo.com,Daniel,Conway,1980-02-22,59098 Susan Points Apt.,985,50236,United Kingdom
hannahsmith,christina43@hotmail.com,Teresa,Solis,2002-03-04,80431 Laura,24,50710,Taiwan
zrodriguez,mroberts@yahoo.com,Brandi,Osborne,1985-06-04,0359 Greene,172,08990,Guinea-Bissau
gabriellanash,kconner@yahoo.com,Elizabeth,Chapman,1959-02-17,48091 Timothy Lake Apt.,074,24465,Cayman Islands
elindsey,rosedenise@gmail.com,Frederick,Jr.,1974-06-20,934 White Turnpike Apt.,987,96001,Cuba
hardingjamie,rosstimothy@yahoo.com,Linda,Bonilla,1982-05-05,6324 Ryan,39,40378,Cape Verde
jimmy51,kristiphelps@yahoo.com,Evan,Frazier,2020-12-23,87330 Nathan Creek Suite,507,86366,Czech Republic
shelby57,teresa44@hotmail.com,Brittany,Pierce,1952-03-11,983 Natalie,26,30321,Congo
timothysullivan,alice99@yahoo.com,Robert,Hayes,1932-01-06,482 Mary,95,42604,Senegal
aguilarsally,hamiltonjessica@hotmail.com,Joshua,Jackson,1919-04-02,6257 James Drive Suite,561,42533,Estonia
murrayyvette,grahamkenneth@hotmail.com,Ryan,Decker,1993-03-15,608 Charles Avenue Suite,563,26251,Ukraine
angelmartinez,luiswhite@gmail.com,Steven,Thompson,1950-12-15,744 Joanna Station Suite,478,15063,Gibraltar
potteralexander,harold30@gmail.com,Kristy,Stephenson,1946-08-05,4930 Smith Rapid Suite,398,05955,Andorra
burtonbrian,cooperstacey@yahoo.com,Preston,Mclaughlin,1984-11-14,92136 Jennifer Mission Apt.,179,16386,Antigua and Barbuda
zchandler,ppayne@gmail.com,Kathleen,Hernandez,1923-05-08,95664 Young Estates Apt.,865,76499,Canada
chadthomas,paulagalloway@yahoo.com,Christopher,Palmer,2015-09-24,323 Diana Circle Apt.,975,87725,Saint Lucia
devinmartinez,doyleheather@yahoo.com,Jacob,Noble,1953-05-19,51283 Taylor,168,82882,Cape Verde
vstuart,pvelez@hotmail.com,Dennis,MD,1994-11-01,365 Brandy Port Suite,619,02683,Uruguay
brendanjones,qmartinez@yahoo.com,Lisa,Hunt,1958-06-20,USNV,20,01409,Iceland
eric33,kimberlynguyen@yahoo.com,Peter,Vasquez,1947-04-12,262 Carpenter Port Apt.,704,55270,Gibraltar
timothyrobertson,zrobinson@hotmail.com,Catherine,Edwards,1993-02-12,7980 Mckenzie Extension Apt.,333,77927,Costa Rica
andrea77,holly74@yahoo.com,Kimberly,Harrison,2009-03-28,521 Gonzalez,72,29105,Guam
lguerrero,ramirezanthony@hotmail.com,Kelsey,Soto,1921-07-04,4095 Humphrey Knolls Suite,666,77297,Greece
david53,richlaura@gmail.com,Matthew,Mason,1980-03-12,07953 Powers Mills Suite,321,27266,Mauritius
gallegosjennifer,christinelin@hotmail.com,Sarah,Kim,1944-02-11,0303 Robinson,136,12046,Northern Mariana Islands
rileylauren,iroberts@hotmail.com,Dale,PhD,1915-08-02,777 White,142,03004,Angola
james11,nelsonkatherine@yahoo.com,Harold,Lucas,1972-01-28,Unit 8640 Box,7217,22414,Anguilla
danielporter,ayu@yahoo.com,Timothy,Porter,1989-04-08,65680 David,15,65603,Finland
allendavis,tinacook@yahoo.com,Stephanie,Williams,1991-11-13,83426 Reyes Crossing Suite,474,29161,Libyan Arab Jamahiriya
laura78,npatterson@gmail.com,Robert,Smith,1987-04-24,4528 Nancy Plains Suite,348,60002,Reunion
hillbrian,thoward@gmail.com,Claudia,Lambert,1995-07-24,973 Christopher Union Suite,866,19229,Pitcairn Islands
trujillosamantha,leelewis@yahoo.com,Jonathan,Crawford,1944-04-27,610 Levy Trace Suite,202,50020,Botswana
mikeruiz,tony84@gmail.com,Tina,Anderson,1935-12-15,931 Christopher,29,58021,Italy
brittany87,garciaandrea@gmail.com,Katelyn,Harper,1948-02-17,301 Matthew,14,54843,Costa Rica
zparrish,troy36@hotmail.com,Nancy,Brown,1997-01-24,39093 Richardson,79,88383,Mexico
rwright,donald07@hotmail.com,Sean,Griffith,1967-07-09,84842 Andrews Center Apt.,044,81315,Ecuador
fmurphy,thomasjohnston@gmail.com,Crystal,Patel,1971-03-24,30783 Carrillo Neck Suite,926,93888,Malta
brookslaurie,cindytapia@gmail.com,Dr.,Mccarthy,1988-05-11,9725 Larry View Apt.,298,93785,Bosnia and Herzegovina
gcain,welchdavid@hotmail.com,Bryan,Williams,1968-08-18,62070 Hernandez,59,27957,Sri Lanka
daniellucas,greendavid@yahoo.com,Ashley,Reynolds,1936-12-21,124 Johnson Corner Apt.,258,66492,French Southern Territories
obrienlisa,andrewbonilla@hotmail.com,Nathan,Smith,1934-09-09,6282 Alyssa,125,80066,French Southern Territories
wwilson,james10@yahoo.com,Sarah,Gray,1979-01-06,"PSC 1734, Box",1349,36376,Italy
lsmith,wlopez@yahoo.com,Martin,Watson,2016-04-03,USNS,82,28205,Turks and Caicos Islands
abond,pmurphy@gmail.com,Adam,Romero,1949-03-29,779 Blake,55,79786,Svalbard & Jan Mayen Islands
danielrodriguez,david18@yahoo.com,David,Lara,1947-03-02,3705 Tucker Manors Suite,471,52737,Nicaragua
zacharysolis,guzmansamuel@hotmail.com,Teresa,Bowen,1996-12-07,55170 Holly Ports Apt.,167,04046,Tonga
plee,zcain@gmail.com,Vanessa,Burton,1984-09-12,USNS,92,93872,Seychelles
craigdavidson,larry43@hotmail.com,Daniel,Acosta,2003-01-28,496 Bell Walk Apt.,089,72398,Turkmenistan
bradleysims,justin16@yahoo.com,James,Fisher,2025-04-16,2809 Ryan Row Suite,830,52333,Saint Kitts and Nevis
markgarrett,stephencollins@gmail.com,Jessica,Mitchell,1962-07-29,Unit 2335 Box,7404,69187,Gibraltar
debra01,frederickdavis@hotmail.com,Christopher,Anderson,1937-11-16,4468 Rachel Cliff Suite,264,24055,French Southern Territories
ylewis,alvarezsamantha@hotmail.com,Aaron,Sims,1946-02-22,59381 Alexander Ranch Suite,675,67297,Nigeria
mullenjeffrey,lopezmelanie@gmail.com,Lisa,Compton,1941-08-15,8692 James Park Apt.,689,42955,American Samoa
fmueller,michele87@yahoo.com,Savannah,Moore,1984-07-30,0064 Hurst,96,30467,Burkina Faso
jacob59,april03@hotmail.com,Kimberly,Torres,1926-10-13,"PSC 6797, Box",5666,68721,Austria
diazmary,edward10@yahoo.com,Emma,Jordan,1919-05-01,02757 Dan,147,16339,Solomon Islands
wwashington,canderson@gmail.com,Jessica,Cross,2006-03-16,604 Amy Trail Suite,785,93756,Djibouti
nancywashington,douglashunt@hotmail.com,Martha,Jenkins,2020-05-30,502 Davis,100,33682,Holy See (Vatican City State)
jgonzalez,katelynkennedy@hotmail.com,Andrew,Cooper,1951-11-24,178 Dixon,148,96859,Saint Kitts and Nevis
nadkins,ghunter@yahoo.com,John,Lester,1917-03-14,1012 Schroeder,2,32051,Taiwan
goodmangerald,tinaharper@gmail.com,Barbara,Michael,2020-04-03,32778 Herman Summit Suite,514,55251,Palestinian Territory
otran,sullivancolleen@hotmail.com,Joseph,Watson,1938-06-01,"PSC 9572, Box",4093,05916,Heard Island and McDonald Islands
mray,lmorgan@hotmail.com,Vicki,Collier,1925-03-16,48892 Herrera Street Suite,558,60348,Libyan Arab Jamahiriya
terryglass,imeyer@yahoo.com,Keith,Flynn,1965-05-26,718 Michael,80,15583,Algeria
johnsonpaul,vasquezwilliam@yahoo.com,Randall,Jones,1983-07-14,741 Love Corner Suite,414,57116,Romania
smithmatthew,jose23@gmail.com,Kaitlyn,Welch,1984-08-11,85359 Kenneth Viaduct Apt.,447,92548,Hungary
elizabeth32,patricia67@gmail.com,Michael,Moss,2016-11-16,4332 Shaw Pike Suite,135,67361,Georgia
craigbowers,ramirezangela@hotmail.com,Leslie,Silva,1982-04-23,91767 Wright Union Apt.,344,76273,Micronesia
ericksondanny,sarahlyons@hotmail.com,Brian,Waters,2000-07-04,5674 Victor Avenue Suite,095,83414,Mauritius
williamseric,jpark@hotmail.com,Joshua,Perez,2014-09-29,316 Mcdaniel Locks Apt.,952,60355,Liberia
keith05,ccross@hotmail.com,Timothy,Smith,1972-02-24,4007 Phillip,110,41804,Honduras
susanthompson,brownwilliam@yahoo.com,Anthony,Hammond,2014-10-29,24304 Darlene Shores Apt.,296,36433,Tonga
nortonjustin,kathrynmcconnell@yahoo.com,James,Edwards,2004-07-19,87511 Townsend,47,83753,Nicaragua
zachary27,jfreeman@yahoo.com,Katie,Potter,1932-07-28,78280 Mario,162,63302,Botswana
ellisjerry,xstrong@gmail.com,Joanne,Ingram,2003-01-15,822 Belinda Trail Suite,666,05875,Saint Barthelemy
stevennelson,theresa56@yahoo.com,Jennifer,Watson,2004-09-02,59680 Tran,149,73022,Gambia
christopher26,tyler88@gmail.com,James,Cordova,1944-02-16,29800 Justin Dam Suite,948,73966,Guinea
fjenkins,rossjoseph@hotmail.com,Mary,Church,2003-02-02,48559 Carrie,173,17475,Gabon
glennbautista,santossharon@gmail.com,Tyler,Diaz,1988-04-29,201 Alicia Hollow Apt.,210,82466,Argentina
miranda01,jeremylopez@hotmail.com,Zachary,Mathews,1913-01-11,590 Melissa,8,13124,Congo
nathankrueger,april97@gmail.com,Michelle,Terrell,2014-03-24,"PSC 3084, Box",7078,85601,Christmas Island
gschmitt,margaretwilliams@yahoo.com,Rachel,MD,1948-11-29,23704 Rogers Union Apt.,619,03319,Bahamas
yoneal,stephanie30@hotmail.com,Rachel,Green,1998-03-19,1813 Brian,57,67793,Antigua and Barbuda
sreed,webbtravis@gmail.com,David,Reyes,2008-08-01,976 Smith,118,23783,Cyprus
lowerychristina,derek86@gmail.com,Debra,Baker,2001-04-07,889 Woodard,102,28275,Dominica
garciamaria,bryanparsons@hotmail.com,Matthew,Smith,2009-06-27,3109 West,28,58215,Thailand
lauren56,glassashley@hotmail.com,Ernest,Robinson,2000-09-10,68982 Fisher Neck Suite,886,06467,Kiribati
kennethdavis,butlermelissa@gmail.com,Jose,Campbell,1966-06-05,95577 Sara Heights Suite,406,79626,Greenland
smays,sean05@hotmail.com,Stacey,Gibson,2024-06-04,Unit 8934 Box,1403,46417,Kyrgyz Republic
savannahwilliamson,bthompson@gmail.com,Jaime,Gonzalez,2009-03-03,13273 Mcdonald Orchard Apt.,354,74795,Bolivia
luishunter,acox@hotmail.com,Robert,Smith,1921-08-20,00141 William Corner Apt.,281,57397,Lao People's Democratic Republic
kathy12,gwilliams@gmail.com,David,Middleton,1973-11-07,231 Alexis Mission Apt.,175,94338,Argentina
lbarr,benjaminroach@yahoo.com,Michelle,Chase,1978-02-14,828 Alvarez Row Suite,373,35952,Saint Pierre and Miquelon
vickierivera,sydney22@yahoo.com,Nathaniel,Keller,1953-05-30,10420 Daniels Ville Suite,920,02109,Palestinian Territory
michaelswanson,holly62@gmail.com,Marisa,Herrera,1980-10-10,830 Moore Wells Apt.,089,65194,Ghana
jharris,jillianthomas@yahoo.com,Rebecca,Smith,1930-07-04,70911 Davis Dam Suite,571,26902,Nepal
shirley44,skinnerjoshua@gmail.com,Justin,Moon,1973-07-26,4504 Thompson Ridges Suite,782,92327,Australia
hodgejordan,xwheeler@yahoo.com,Antonio,Cohen,1925-01-14,USNV,45,37357,Gabon
stevenlucas,hfowler@yahoo.com,Kristin,Harrison,1940-11-26,6235 Mccarty,179,05682,Armenia
ablack,brianmarks@hotmail.com,Clinton,Lutz,1974-12-13,1780 Anderson,70,74097,Taiwan
michaelwilliams,megan61@yahoo.com,Donald,Robles,1974-10-09,081 Evans,181,90333,Botswana
mejiaapril,james29@yahoo.com,John,Gonzalez,1969-02-20,76996 Dustin,43,30579,Switzerland
dennis93,brittany38@hotmail.com,Julie,Snyder,1917-11-07,5782 Chavez,142,57824,Ghana
graymatthew,brockbryan@yahoo.com,Stephanie,Martin,1911-01-25,91750 Connie,71,01892,Kenya
mmcclain,holdermariah@yahoo.com,Deanna,Macias,1968-06-03,773 Smith Mission Apt.,872,03090,Bermuda
sophiaevans,danieljohnson@yahoo.com,Nancy,House,2011-11-23,2340 Kevin,86,75303,Cape Verde
daniel39,hunterperez@hotmail.com,Sherry,Morgan,1919-05-21,3182 Morris Point Apt.,194,53249,Greece
rebecca01,deanna27@yahoo.com,Jennifer,Phillips,1924-10-22,096 Melissa,199,15574,Holy See (Vatican City State)
kimberlymonroe,larrykhan@yahoo.com,Jeffery,Petersen,1962-11-02,47841 Stacy,141,63865,Madagascar
mccoytroy,jrobbins@gmail.com,Sara,Carter,1989-09-21,782 Frank,6,92013,Wallis and Futuna
beverlycampbell,richard17@gmail.com,David,MD,1994-10-18,569 Calderon Circle Apt.,304,82833,Slovenia
johnsonlisa,regina29@hotmail.com,Deborah,Walker,1919-09-14,0299 Sherry Light Apt.,668,50432,Congo
melissa32,michellekelly@yahoo.com,Joseph,Gomez,1946-09-18,4338 Sanchez,139,21998,Antarctica (the territory South of 60 deg S)
mbrooks,melissa56@hotmail.com,Dawn,Mckinney,1949-10-12,"PSC 0410, Box",9001,72025,Greenland
gkane,clayrodney@gmail.com,Mason,King,1932-11-01,1831 Jared Pines Apt.,674,37604,Suriname
acarpenter,estanley@hotmail.com,Kimberly,Wise,1964-09-04,9222 Boyd Squares Apt.,960,38806,China
murphymichael,ghawkins@yahoo.com,Carly,Diaz,2006-09-15,6477 Clark Islands Apt.,737,61481,Holy See (Vatican City State)
kelly01,celliott@hotmail.com,Elizabeth,Brown,1996-11-15,7986 Chan Mountain Apt.,973,31294,Suriname
maxwelljohn,peterandrade@hotmail.com,Brenda,Khan,1961-11-28,68240 Carol Pine Suite,197,80875,Guinea
elizabethmorales,fletchersamantha@yahoo.com,Amanda,Brown,1935-08-25,64394 Jamie Trail Suite,438,49560,China
denise08,holmeslacey@yahoo.com,Sheila,Benson,1951-07-25,6660 Timothy Club Apt.,083,71737,Oman
shafferterry,knelson@yahoo.com,Andrew,Powell,1954-02-25,153 Sara Mountains Apt.,979,48536,Tonga
collinsvictoria,brandonbrooks@hotmail.com,Jean,Jones,1942-06-19,2392 Holland Pike Suite,958,32059,Bosnia and Herzegovina
boydnatalie,davidchavez@hotmail.com,Erica,Jensen,1979-08-22,70074 Smith,147,06161,American Samoa
mcunningham,zcarpenter@gmail.com,Sandra,Meyer,1970-10-26,Unit 1275 Box,5561,64889,Timor-Leste
rwhite,ngray@hotmail.com,Cassandra,Acosta,1963-05-25,Unit 4903 Box,0069,86905,Tuvalu
bjones,fsingh@gmail.com,Tamara,Garcia,1958-12-20,27492 Linda,12,37868,Pakistan
perrymatthew,stephaniemarshall@hotmail.com,John,Shields,1916-04-05,88405 Tate,18,98134,Malawi
mariolarsen,amber62@yahoo.com,Joel,Hunter,2001-01-12,95874 Lisa,67,79444,Brazil
jasonanderson,donald44@hotmail.com,Natalie,Bell,1999-01-19,43022 Brian Parkways Apt.,721,58047,Montserrat
sheltonrobert,michael10@gmail.com,Sandra,Hall,1989-04-30,728 Debra Branch Apt.,364,76968,Norway
frank71,evansaaron@gmail.com,Brian,Mcconnell,1985-06-19,1988 Bennett Flats Suite,046,15559,Gibraltar
grayluke,osborncharles@gmail.com,Cassandra,Wilson,1962-01-24,165 Hall Tunnel Suite,189,95758,Tuvalu
lynn34,chungkelli@hotmail.com,Carolyn,Morgan,1941-01-21,75781 Eric,76,99614,Martinique
pamela88,vanessa37@hotmail.com,Timothy,Noble,1995-06-06,810 Dylan,164,33940,Brunei Darussalam
ihernandez,gmacias@hotmail.com,Matthew,Pacheco,1990-03-22,018 Brenda Curve Apt.,069,55410,Netherlands
thomas16,jessica33@gmail.com,Robin,Francis,1946-03-25,630 Scott Skyway Apt.,322,94674,Kyrgyz Republic
whitedavid,robert45@gmail.com,Nathan,Harris,1955-06-18,405 Williams Square Apt.,764,60641,Estonia
markthompson,christopherjohnson@yahoo.com,Jamie,Herrera,2018-07-01,89292 Sydney Oval Suite,800,27512,Czech Republic
carly83,colemanjoanna@yahoo.com,Daniel,Washington,1931-11-06,144 Matthews,186,12045,Cocos (Keeling) Islands
stephen47,ramirezstephen@hotmail.com,Gabriela,Ellis,1955-05-22,16696 Christopher Villages Apt.,177,01184,Marshall Islands
maria61,tiffanymoore@yahoo.com,Michael,Proctor,1926-07-13,768 Rich Crossing Suite,719,48247,Ukraine
erica88,margaret99@yahoo.com,Tiffany,Shah,1929-04-15,89384 Jorge,44,92942,Finland
lee06,brownmelissa@yahoo.com,Theodore,Beasley,1911-02-19,9501 Rodriguez Canyon Suite,335,41135,Serbia
theodore68,kayleelopez@gmail.com,Kent,Valdez,2018-01-17,"PSC 5534, Box",6096,67675,Serbia
greenjasmine,nscott@hotmail.com,Joy,Cooper,1910-08-28,98983 Stephanie,76,98164,Cambodia
hamiltonmichael,halexander@gmail.com,Monica,Robinson,1910-04-26,2187 Mann Harbor Apt.,426,34239,Libyan Arab Jamahiriya
qallen,shermanamanda@yahoo.com,Christopher,Graves,1962-10-09,82433 Sonia,82,54951,Guernsey
wjohns,scollins@gmail.com,Tammy,Martin,1918-01-14,01309 Zoe,129,84264,United States Minor Outlying Islands
bensonariana,stevenmclaughlin@gmail.com,Mark,Perkins,1982-03-08,676 Bishop,15,59438,French Southern Territories
jon50,johnsonangela@hotmail.com,Stephanie,Lee,1929-06-18,19605 Steven,92,13370,Iraq
stephaniegray,singletonmegan@yahoo.com,Brian,Horne,1952-04-02,7722 Valenzuela Vista Apt.,684,90821,Faroe Islands
davidbowers,alyssa17@yahoo.com,Shelley,Gross,1934-07-12,Unit 8812 Box,7885,11716,Kenya
leephilip,daniel38@gmail.com,Darrell,Fernandez,2014-01-13,142 Wells Burgs Apt.,371,47408,Solomon Islands
hwang,ocardenas@gmail.com,Christopher,Smith,1997-02-24,480 Gabrielle Mission Suite,174,75115,Guyana
thompsonkenneth,melissa86@hotmail.com,Kenneth,Anderson,2004-07-17,07083 Lori Rapids Apt.,455,23038,Mauritius
tbrown,hchristian@hotmail.com,Dr.,Davis,1987-09-19,3874 Huff Forks Suite,594,25393,Guatemala
jessicafrancis,taylor78@hotmail.com,Matthew,Wright,1955-04-11,989 Laura,66,18268,Cyprus
rileygarrison,caitlingraham@yahoo.com,Jacqueline,Daniels,1961-05-09,018 Charles,74,74042,Slovenia
bergerwhitney,rebecca16@gmail.com,Barbara,Williams,1969-06-11,USS,46,90345,Spain
dustinmckinney,jeffreycarter@gmail.com,Stacey,Walker,1965-11-05,47956 Nicole,48,43880,Gibraltar
nunezsophia,xroberts@gmail.com,Stephen,Mcknight,1992-05-22,179 Wiggins,99,21789,Algeria
swilliams,charles29@yahoo.com,Julia,Garza,1915-06-04,1387 Castillo,91,51086,Georgia
amandahunt,humphreyjulie@yahoo.com,Anna,Chambers,1923-12-11,8078 Deborah Cliffs Apt.,584,54051,Fiji
lauracruz,whamilton@yahoo.com,Ronnie,Taylor,1937-04-10,2909 Holloway Corners Apt.,352,63282,Uruguay
harrisscott,ambermedina@hotmail.com,Kimberly,Ward,1913-02-17,07106 Glenn,142,41347,United States of America
victoria58,irobles@gmail.com,Steven,Torres,1981-10-29,1559 Jessica,50,95695,Sweden
xwilkinson,agriffin@hotmail.com,Kristy,David,1969-11-25,606 Wilson,10,19392,Serbia
christina97,bsanchez@gmail.com,Diana,Rodriguez,1981-03-10,7151 Ho,157,81505,Niger
dsmith,lauren59@gmail.com,Sandra,Davidson,1983-12-07,570 Baker,24,42126,British Virgin Islands
richard42,gregory23@gmail.com,Michelle,DDS,2005-08-24,926 Cooley,141,55203,Tuvalu
ggonzalez,brittneymedina@hotmail.com,Nicholas,Hernandez,2010-04-12,512 Nelson Lock Suite,539,26502,Kenya
sheri26,ufreeman@gmail.com,Travis,White,1927-09-30,680 Maxwell,163,03051,Ukraine
kwood,donnabishop@hotmail.com,Lisa,Juarez,1991-12-06,USCGC,160,55721,Saint Vincent and the Grenadines
walkerdiane,caroline05@gmail.com,William,Morris,1922-09-28,413 Gregory Lodge Suite,624,03419,Mozambique
matthew03,sullivanjennifer@hotmail.com,Wendy,Ramos,2005-03-29,645 Phillips Haven Suite,375,41761,Christmas Island
smiller,guerrerochristian@hotmail.com,Blake,Thomas,2022-11-26,882 Davis Canyon Apt.,084,36826,Fiji
iansmith,pattersonjustin@hotmail.com,Allison,Jackson,2019-02-27,295 Jose,4,27436,Singapore
edwardclayton,juan09@gmail.com,Lauren,Martin,1968-05-12,Unit 9979 Box,4269,54119,Denmark
michellewise,barkersophia@yahoo.com,Xavier,Bowman,2024-12-04,41825 Brent,126,53741,Heard Island and McDonald Islands
lleonard,farmerbrian@yahoo.com,Angela,Vazquez,1931-03-29,113 Johnson,162,65507,France
crystalswanson,matthewmorris@hotmail.com,David,Walker,1979-03-12,10092 Wall,184,91467,French Southern Territories
rachel35,susan59@yahoo.com,Julie,Mayo,1988-05-04,41590 Flores Islands Apt.,792,39980,Zambia
catherinenorris,hernandezjulie@gmail.com,Steven,Henderson,1921-05-20,107 Ashley Fields Suite,134,57483,Brazil
marc47,victor38@yahoo.com,Amanda,Dudley,1999-04-12,"PSC 5175, Box",2131,87539,Vanuatu
esimpson,turnerwendy@hotmail.com,Lucas,Myers,1961-07-29,56923 Lisa,178,13208,India
whitealyssa,millerdustin@gmail.com,Stephen,Hernandez,2011-07-19,Unit 3086 Box,2081,53335,Belgium
pauljackson,xrangel@gmail.com,Janet,Williams,1962-09-07,908 Leah,29,88509,Finland
keithandrew,blackwelldominique@gmail.com,Zachary,Jacobs,1985-02-23,686 Brittany,161,28886,Luxembourg
williamskelly,kathrynweaver@gmail.com,Christine,Jones,1954-02-02,11417 Powell Via Suite,168,68061,Saint Kitts and Nevis
cynthiastephens,jimeneznatalie@gmail.com,Christina,Brooks,1920-07-04,10128 Ricardo Ramp Apt.,848,59221,Wallis and Futuna
guzmanheidi,yroach@yahoo.com,Derrick,Kim,2019-09-03,741 Jessica,73,79385,Mongolia
karenlopez,ybush@gmail.com,Evan,Camacho,1987-10-27,72493 Peter,23,12007,Azerbaijan
elliottanthony,evanslori@yahoo.com,Rachel,Murphy,2007-11-27,6071 Christina,18,02062,Dominican Republic
garciachristian,misty05@gmail.com,Bill,Johnson,1961-08-30,19824 Robert Port Apt.,988,12391,Dominica
pettymelissa,megan16@hotmail.com,Adam,Brennan,2012-09-17,53081 Ruiz Rapid Suite,017,19737,Macao
jasongomez,coxjessica@gmail.com,Sonya,Chavez,1976-02-24,232 Le,174,04022,Luxembourg
moorerobert,mary92@yahoo.com,Denise,Delacruz,1915-02-13,180 Cynthia,16,79209,Armenia
adam22,steve26@gmail.com,Christopher,Perry,2017-10-06,3915 Sara Mission Apt.,123,59209,Burundi
brianlambert,saraenglish@yahoo.com,Tyler,Diaz,1932-08-04,1529 Kelly Falls Apt.,379,22348,India
shelia17,elizabeth44@yahoo.com,Richard,Wood,1917-02-02,64928 David Heights Apt.,686,80716,Saudi Arabia
ethan62,michellemarshall@hotmail.com,Jeremiah,Wilson,1968-11-04,506 Jennifer,134,70844,Vietnam
jcummings,rgomez@yahoo.com,John,Miller,2020-11-26,8517 Nicholas,104,56735,China
zharris,kylehenderson@hotmail.com,Sarah,Knight,1960-01-19,Unit 1439 Box,2994,24059,Switzerland
justin32,lambertalexander@hotmail.com,Christopher,Payne,1935-05-29,36647 Miller,32,53379,Morocco
christopherdavis,holly72@hotmail.com,Tina,Ramirez,1917-05-14,126 Medina Meadow Apt.,771,36746,Iceland
ibarrabrian,zmartinez@yahoo.com,Justin,Lloyd,2000-11-11,178 Harmon,25,05522,Lithuania
johnsonlaura,durhamchristy@hotmail.com,Kimberly,Bishop,1940-08-21,36072 Denise Valley Suite,216,49274,Saint Helena
diazbonnie,vwhite@gmail.com,Terry,Stafford,1931-05-22,005 Scott Bypass Suite,572,75176,New Caledonia
gutierrezlogan,kennedykenneth@hotmail.com,Jenna,Wolfe,1989-07-30,6374 Katherine,59,08558,Jersey
syoung,joneselizabeth@yahoo.com,Terri,Christian,1939-07-18,54036 Leon Ford Apt.,963,94992,Norfolk Island
chaneywendy,wendy88@gmail.com,Shannon,Peters,2010-07-01,019 Kimberly,145,34358,Bhutan
flogan,emurphy@yahoo.com,Christopher,Knox,1975-04-05,307 Jonathan,89,97870,Bermuda
jcoleman,handerson@gmail.com,Mark,Carey,2018-08-14,8056 Tracey Ramp Suite,923,16295,Singapore
mckenziemichele,lmcdowell@hotmail.com,Matthew,Richardson,1959-09-09,87611 Adrian Turnpike Apt.,894,72719,Poland
williamsmelissa,vperez@gmail.com,Patrick,Orozco,1969-08-10,660 Hardy Mountain Apt.,529,92136,Faroe Islands
matthew80,kelly30@gmail.com,Mary,Garcia,2022-09-30,1535 Wilson Camp Suite,071,23224,Benin
jessica23,johngreen@gmail.com,Jack,Torres,1943-03-07,4204 Taylor,145,58451,Fiji
murrayelizabeth,glassdustin@yahoo.com,Kenneth,Wall,1935-02-25,6687 Gilbert,200,74977,Benin
thomasjonathan,lorimorrison@hotmail.com,Heather,Taylor,1971-02-25,49439 Diana,82,05656,Belize
savagecindy,panderson@yahoo.com,Ashley,Johnson,2019-07-04,"PSC 1596, Box",2042,78302,Denmark
catherinehall,garnerstephanie@gmail.com,Michael,Morgan,2001-05-26,"PSC 8453, Box",6107,44759,Cape Verde
robinsonmary,hmartinez@gmail.com,Paul,Campbell,2005-10-16,2387 Blake,116,52173,Malaysia
dennis25,stephenanderson@gmail.com,Matthew,Smith,1991-02-27,USNV,180,96053,Bulgaria
mccarthyjacqueline,rodney10@hotmail.com,Christian,Floyd,1946-12-09,56740 Gomez Court Suite,440,37558,Canada
greeneamanda,hortonchase@gmail.com,David,Kane,1929-03-02,7461 Wright Valleys Suite,384,50052,Bahamas
nunezdonna,lbrooks@yahoo.com,Natalie,Perry,1959-11-05,USNS,163,54602,Guadeloupe
brittney26,wrightjames@gmail.com,Susan,Clark,1955-09-23,"PSC 1465, Box",0560,79847,Tokelau
fordlynn,andreaclark@yahoo.com,Alicia,Robinson,1986-08-20,806 Roberts,21,78965,Cuba
watkinsmatthew,john12@yahoo.com,Michael,Morris,1943-08-16,9660 Snyder Junction Apt.,827,40523,Kuwait
melaniezhang,justin09@hotmail.com,Charles,Singleton,1976-12-17,90457 Ward Landing Apt.,516,66240,Saint Lucia
ortizdavid,nzamora@gmail.com,Jennifer,Greene,2009-09-10,212 Thomas Harbors Suite,747,29916,Bolivia
brian72,cohensherri@gmail.com,Mrs.,Wilson,1950-10-12,"PSC 1722, Box",6284,33954,Andorra
gilberttanner,hjohnson@yahoo.com,Cynthia,Smith,1921-09-03,689 Bolton,186,39753,Botswana
twalker,bryanmaxwell@hotmail.com,Laura,Rose,1981-12-12,02955 Matthew Extension Suite,193,45664,Saint Lucia
david88,hhall@gmail.com,Kimberly,Wood,1952-08-22,"PSC 7614, Box",7452,53215,Belarus
michael13,debra60@yahoo.com,Benjamin,Beck,2002-09-08,5159 Robert Land Suite,995,19094,Guyana
brandonsimmons,john24@yahoo.com,Linda,Flores,1925-10-31,784 Mark Village Apt.,630,32607,Congo
collinsstephen,brian67@yahoo.com,Joanna,Stephens,1975-07-02,8777 Ortega,112,90832,Reunion
jeffrey87,gspence@gmail.com,Danielle,Cooper,1967-10-04,216 Bell Courts Apt.,764,09438,Christmas Island
obarnett,arthur66@gmail.com,Sarah,Mckenzie,1980-04-16,0615 Toni,50,90700,Ireland
cassidyfranklin,walkerdebra@gmail.com,Kevin,Rice,2007-05-18,156 Pace Roads Apt.,334,80171,Belize
cmoore,ryan92@yahoo.com,Sara,Jimenez,1930-04-29,262 Christopher,43,41320,Tunisia
evasquez,jody02@gmail.com,Anita,Beck,1956-08-20,737 Barron,72,10789,Egypt
patriciarobinson,cpham@gmail.com,James,Spencer,1971-01-04,75759 Wagner,174,30254,Macedonia
scott59,jasonallen@gmail.com,Shari,Mitchell,2019-04-10,31194 Thomas Common Apt.,123,23998,Bosnia and Herzegovina
mayjacob,adam27@hotmail.com,Andrea,Hernandez,1996-05-30,USS,25,58400,Jamaica
prestonryan,martinjessica@hotmail.com,Michael,Campbell,1920-10-09,8270 Silva Ranch Apt.,605,37988,Burundi
scott24,rfinley@hotmail.com,Melissa,Rogers,1942-08-29,3878 Yates,80,02335,Azerbaijan
jennifersmith,faulknerbrian@yahoo.com,Ryan,Key,1941-07-14,9297 Jones Station Suite,184,46510,Jamaica
garciajillian,jessica96@gmail.com,Donna,Charles,1920-09-27,189 Margaret Ways Apt.,053,57116,Netherlands
dwalker,fromero@hotmail.com,Larry,Lawrence,1958-09-11,1244 Elizabeth Ports Apt.,679,09644,Antarctica (the territory South of 60 deg S)
thomasdustin,cgreene@hotmail.com,Laura,Miranda,2014-05-17,40264 Shelly,180,56303,Colombia
seanbest,bakerdanny@hotmail.com,James,Jensen,1912-02-12,8588 Stuart Stream Apt.,841,02776,Paraguay
steveramirez,tranamy@gmail.com,Jose,Burch,1934-08-11,385 Chapman Locks Apt.,766,66769,Kenya
espinozacasey,msims@yahoo.com,Oscar,Cortez,1982-09-29,84684 Crosby Forest Apt.,822,78193,Cambodia
ccarr,haley12@hotmail.com,Sandra,Saunders,2016-11-09,Unit 9996 Box,5056,85687,Morocco
alex81,zjordan@yahoo.com,Natasha,Kirk,1947-10-14,54946 Mejia,2,93773,United States of America
schwartzanthony,tiffany33@gmail.com,Charlene,Valenzuela,1949-08-23,72837 Wood Manors Apt.,984,75785,Antarctica (the territory South of 60 deg S)
sjackson,eyoder@hotmail.com,Kayla,Perry,1974-05-03,246 Holly Divide Apt.,417,75064,Indonesia
lauradelgado,dspence@gmail.com,Jennifer,Daniels,2016-11-10,70784 Murphy,20,78238,Northern Mariana Islands
yvonneholmes,sgonzalez@yahoo.com,Lynn,Patel,1956-06-26,6815 Lee Tunnel Suite,573,19015,Canada
april45,tommy09@yahoo.com,Tina,Gonzalez,1960-12-27,USNV,41,00639,American Samoa
goodmandaniel,fwoodard@gmail.com,Christian,Ali,1972-12-30,0018 Alyssa Center Suite,128,96632,Italy
jameskline,kaitlyn84@yahoo.com,Richard,Baker,1958-10-03,828 Baker,2,97337,Haiti
qholmes,emily13@gmail.com,Gabrielle,Brown,1997-08-12,7586 Davis Stream Apt.,413,63918,Macedonia
deniseedwards,erika94@hotmail.com,Andres,Stephens,1960-10-06,72339 Shannon,105,35166,Gabon
thill,hwalls@gmail.com,Dr.,Martinez,1971-07-02,90910 Terri,10,63677,Zimbabwe
garcialorraine,whiteamanda@yahoo.com,Nicole,Stephens,1921-01-14,636 Marsh,128,32322,Slovakia (Slovak Republic)
lhall,rerickson@yahoo.com,Brandi,Estrada,1972-04-02,167 Joshua Row Apt.,686,44050,Malawi
jeffrey11,ekerr@hotmail.com,Terry,Pacheco,1998-09-26,95968 Kemp Crest Suite,834,34794,Kenya
uchang,rayala@gmail.com,Samantha,Stokes,2024-03-28,9583 Christopher Loop Suite,781,36199,Gibraltar
laurawalls,richardhicks@yahoo.com,Roy,Murray,2009-09-23,386 Boone Avenue Suite,427,42375,Tajikistan
peterjones,lawrenceanthony@gmail.com,Troy,Vance,1991-05-04,"PSC 8018, Box",3480,73176,Senegal
ismith,timothy95@yahoo.com,Catherine,Castillo,1940-12-30,4231 Renee,60,02086,Holy See (Vatican City State)
jwillis,stanley83@yahoo.com,Cheryl,Peters,1998-10-01,38558 Yolanda,200,45330,Turkey
alan04,lopezjoshua@yahoo.com,Sarah,Wood,1916-03-21,78201 Tracy,14,94896,Malawi
colleenmoore,teresasmith@yahoo.com,Ryan,Long,1972-06-02,3686 Jose,13,42442,Micronesia
xbrown,jenniferjames@hotmail.com,Shawn,Smith,2024-03-24,47811 Weaver Corner Suite,181,60008,Tajikistan
wbrown,michaelmoses@gmail.com,Michael,Herrera,1989-02-06,390 Yang,162,63195,Estonia
normansarah,abigailzuniga@yahoo.com,Joshua,Osborn,1932-04-16,Unit 8281 Box,1677,20418,Croatia
keith92,alarson@hotmail.com,Gregory,Thomas,1974-08-02,3153 Steven,2,84789,Russian Federation
ricky55,michael76@hotmail.com,Rachel,Garza,1915-05-11,7627 Velez,60,79436,French Southern Territories
kaufmanmelinda,monicachristensen@gmail.com,Erika,Peterson,2011-07-17,8673 Robertson,176,94229,Zambia
crystalpadilla,wellsshari@hotmail.com,Christopher,Perez,1941-02-04,529 Adam Streets Apt.,395,67955,Bhutan
dcollier,samantha67@hotmail.com,Curtis,Gregory,1949-03-03,28349 Lawrence,145,11204,South Africa
romerobenjamin,jgriffin@yahoo.com,Bryan,Harris,1918-10-20,3142 Timothy Heights Suite,631,34170,Ethiopia
jordan70,rosarioraymond@yahoo.com,Jenny,Fisher,1980-01-29,79931 Jones Well Apt.,266,67126,Turkey
obrientara,ricedeborah@hotmail.com,Kimberly,Archer,1995-04-09,96224 Susan,146,86221,Kenya
leonrichard,rpadilla@hotmail.com,Kristina,Torres,2002-02-11,24026 Rhonda Brooks Suite,744,82446,Saudi Arabia
mezasuzanne,veronica22@yahoo.com,Travis,Ramirez,1918-04-28,1597 Burke,143,40254,Lesotho
harrislaura,amy12@gmail.com,Lindsay,Parker,1971-10-20,4137 Taylor,82,09028,Saint Lucia
barnesrobin,olsennicholas@yahoo.com,Matthew,Terry,2023-07-22,546 Christina,171,05831,Bahrain
smithalicia,joshua60@yahoo.com,Darren,Johnson,1921-08-06,1152 Parks,141,39638,Bouvet Island (Bouvetoya)
christinaclay,leachcynthia@gmail.com,Helen,Collins,1965-10-23,39559 Brandon Flats Apt.,451,71764,Rwanda
dfletcher,gyoung@hotmail.com,Chase,Boone,1991-02-18,35980 Bishop Turnpike Apt.,494,20488,Burundi
julie48,rodriguezbilly@yahoo.com,James,Reeves,1997-10-10,8040 Hawkins Islands Suite,506,76910,Eritrea
smithchristine,woodardsonya@yahoo.com,Linda,Martin,1985-10-30,092 Alison,13,52271,France
summerssara,tonya93@gmail.com,Brian,Jones,1966-09-24,672 Kristine,146,11535,Serbia
whitealejandro,pshepard@yahoo.com,Ricardo,Holder,1936-04-21,099 Montoya Valleys Suite,011,00723,Oman
robert38,hsingleton@hotmail.com,Angela,Carson,2010-03-13,Unit 0582 Box,2397,12965,Faroe Islands
hparker,matthew85@hotmail.com,Edward,Velasquez,1939-07-01,USCGC,171,39799,United States of America
wendy09,bentleykimberly@hotmail.com,Shannon,Lane,1971-02-07,07301 Jessica Hollow Suite,537,12268,Isle of Man
johnsonherbert,andreamarshall@hotmail.com,Laura,Perez,1910-04-23,3708 Jones Creek Suite,386,25706,Anguilla
arellanomelissa,jonesjennifer@yahoo.com,Steven,Larson,2007-04-18,869 Joshua,67,42921,Wallis and Futuna
yherman,michaelcochran@gmail.com,Cathy,Spencer,1961-06-26,05621 Morgan Views Apt.,298,05409,Lesotho
jenniferwebb,fhughes@hotmail.com,Nicole,MD,1949-10-17,727 Rodriguez,128,18580,Swaziland
xcampbell,roydavis@yahoo.com,Elizabeth,Jones,2014-07-05,95061 Figueroa Manors Apt.,921,86013,Nauru
foxwilliam,conradrebecca@yahoo.com,Steven,Hill,2019-01-08,297 Michelle,72,44188,Ireland
nicoleneal,williammiller@hotmail.com,Angela,Williams,1967-11-10,71333 Jaime,29,42564,Gambia
brian32,john29@hotmail.com,Megan,Salazar,1996-10-28,632 Katherine,100,42436,Mexico
daniel60,bhorn@yahoo.com,Allison,Jackson,1948-07-12,14013 Sabrina,41,84675,Niue
tammymathis,rebecca55@yahoo.com,Andrea,Johnson,2021-11-28,2934 Atkinson Square Apt.,596,34196,Bermuda
xclark,weaverdeanna@yahoo.com,Melissa,Kaiser,1918-03-11,94378 Grant,65,48123,Lao People's Democratic Republic
blackburntyler,erica84@gmail.com,Paul,Brown,1988-03-03,67101 Christopher Divide Suite,060,14059,Palau
ijones,james00@yahoo.com,Megan,MD,1959-12-08,24687 Elizabeth,51,41006,Comoros
melanie95,bryan12@hotmail.com,Gary,Taylor,1989-01-29,135 Turner Isle Suite,954,87308,Somalia
daniel61,gbrewer@hotmail.com,Mr.,MD,1971-04-09,530 Melissa Spring Suite,999,67882,Bahamas
yjohnson,wporter@yahoo.com,Andrew,Macdonald,1992-12-17,3246 Barrett Union Apt.,457,02260,Algeria
cameronisabel,whitenancy@yahoo.com,Diana,Rodriguez,1965-01-02,405 Smith Light Apt.,000,21737,Saint Barthelemy
kelly95,daniel03@hotmail.com,Michelle,Conway,1926-05-30,08345 Kimberly Cliffs Apt.,321,62847,Haiti
zfisher,tamarataylor@hotmail.com,Eric,Green,1928-12-25,0538 Chen,106,37964,British Indian Ocean Territory (Chagos Archipelago)
weberjimmy,chelsea46@yahoo.com,Charles,Morris,2002-10-12,Unit 6964 Box,1543,97488,Croatia
alexandercollier,mevans@yahoo.com,Brenda,Martinez,2004-08-23,73227 Payne Radial Suite,497,67412,Qatar
frank78,bsanchez@gmail.com,Elizabeth,Wu,2011-07-04,"PSC 6871, Box",9164,85618,Saint Martin
kimmiller,jaywagner@gmail.com,Michael,Tate,1983-04-23,1732 Zachary Spring Suite,460,23847,Isle of Man
laurie24,dfreeman@gmail.com,William,Calderon,1960-06-14,73879 Alison,76,17742,Cambodia
dawnwade,reedblake@hotmail.com,Thomas,Clark,2023-05-20,312 Laura,97,16839,Zambia
kylejohnson,chelsea79@hotmail.com,Mr.,Bryant,1927-01-11,USS,81,78028,France
ypotter,jeremymitchell@yahoo.com,Melissa,Wagner,1949-10-02,4945 Gallegos Ferry Suite,466,75006,Svalbard & Jan Mayen Islands
hahnchristopher,whiteamanda@yahoo.com,Elizabeth,Thomas,1992-05-31,860 Billy,27,32644,India
jamiemckinney,gutierrezalexis@hotmail.com,Wendy,Black,1985-03-07,Unit 6218 Box,6787,72648,Grenada
chaserichard,lesterjoel@hotmail.com,Stanley,Simpson,1967-05-12,87327 Ortiz,98,98623,Niue
danielrivera,fperez@yahoo.com,Levi,Galloway,1945-03-05,904 Taylor Lakes Apt.,618,56695,Guernsey
thomas75,wmoore@yahoo.com,Lawrence,Monroe,2023-09-04,66149 Lisa Motorway Apt.,264,35079,Honduras
owilliams,boothconnor@gmail.com,Jeffery,Thomas,1963-10-06,23574 Lance,166,65726,Andorra
alandry,tbarker@gmail.com,Kayla,MD,1980-02-15,3759 Colleen,61,10804,Cayman Islands
pamelagreen,pennylopez@yahoo.com,Kristen,MD,1979-09-28,Unit 8063 Box,7754,97733,Mauritania
amymurphy,brianna84@gmail.com,Kara,Carter,1917-11-29,0127 Russo Forks Suite,548,48568,Armenia
jake44,uweiss@yahoo.com,Mary,Villarreal,1956-01-04,7503 Brianna,41,54726,Turks and Caicos Islands
juliaedwards,huntergeorge@gmail.com,Maria,Huber,1999-10-31,33381 Reyes,18,47488,Pakistan
nathan75,olove@gmail.com,Joshua,Reed,2022-06-16,Unit 9956 Box,4139,67687,Mauritania
aellis,hoffmanteresa@yahoo.com,Jeremy,Castillo,1945-09-26,5100 Hernandez Summit Apt.,010,20557,Cambodia
willie26,pittsmichele@gmail.com,Brian,Delgado,1922-05-02,778 Christopher Cliff Suite,565,49523,Uruguay
michelleadams,fosterangela@hotmail.com,Calvin,Garcia,1986-05-25,87789 Robert Shoal Apt.,586,60113,Denmark
martinmichael,quinnleonard@gmail.com,Kristi,Mccormick,2003-12-29,USNS,79,51792,Tonga
joseph65,paul85@yahoo.com,Christine,Miller,1915-11-08,811 Palmer Mountains Suite,588,23271,Portugal
brianhansen,mark31@hotmail.com,Jose,Scott,1997-07-20,96552 Reed,2,75461,Togo
pchurch,zjohnston@gmail.com,Todd,Mitchell,1971-09-25,11176 Fox,107,51964,Jordan
ecampbell,haileymartinez@hotmail.com,Jennifer,Jones,1915-07-03,USNS,195,12888,Aruba
roberthorton,patrickwilson@gmail.com,Brian,Daniel,1946-12-02,557 Michael Forest Suite,880,78822,Mauritania
klopez,carlos25@yahoo.com,Stephen,Wilson,1959-01-01,314 Macdonald Spring Suite,558,50842,Azerbaijan
huangmarilyn,kmacias@gmail.com,Scott,Cooper,1978-10-12,9368 Anderson,137,16029,Northern Mariana Islands
yolandaryan,wrightchristopher@gmail.com,David,Myers,1930-12-06,141 Yang Burgs Apt.,203,75209,Bangladesh
icosta,deniseandrade@gmail.com,Denise,Little,1975-12-03,66364 Michael Terrace Suite,469,55131,Northern Mariana Islands
phillipsderek,qsnyder@hotmail.com,William,Wilkinson,1998-07-03,292 Ryan Avenue Suite,627,20250,Greenland
charlesmoore,kayla93@hotmail.com,Autumn,DDS,1911-05-07,11947 Steve Garden Suite,158,58743,Falkland Islands (Malvinas)
deborahblack,wagnersonya@hotmail.com,Jon,Williams,1952-04-01,37431 Brown,62,03169,Saint Barthelemy
rebecca16,xmurphy@gmail.com,David,Robinson,2015-03-23,4128 Cody,119,47254,Lao People's Democratic Republic
brownjason,dianamartinez@yahoo.com,Stephanie,Hill,1965-05-02,Unit 3549 Box,5575,49869,Isle of Man
robert43,powellangela@yahoo.com,Spencer,Aguilar,1966-08-16,492 Alexander Views Apt.,386,93251,India
annestrada,vincentjustin@yahoo.com,Kelly,Preston,1964-07-30,0477 James Village Suite,078,04584,Wallis and Futuna
bjacobs,jessica87@yahoo.com,Ashley,Krause,1971-09-17,7379 Johnson,123,72638,Christmas Island
zachary44,smithtimothy@gmail.com,Keith,Christensen,1913-04-08,50579 Calderon,166,43457,Myanmar
paulpatterson,smithjames@hotmail.com,Jeffrey,Gilbert,1945-06-12,24378 Felicia Center Apt.,961,61540,San Marino
brianhayes,erinwilliams@gmail.com,Robert,Smith,1940-10-07,74216 Shelton,174,72774,Turks and Caicos Islands
ajones,antonio45@hotmail.com,Brian,Riggs,1940-11-15,0096 Jenkins,80,90250,Burkina Faso
guzmanamy,xcruz@hotmail.com,Reginald,Morris,1917-04-22,41833 Roberts Summit Suite,464,83167,Sao Tome and Principe
jeffrey92,christian08@hotmail.com,Christopher,Walker,1996-08-10,26404 Maxwell Mountain Apt.,928,03918,South Africa
yrussell,mary53@hotmail.com,Charles,Bowen,1980-04-26,3597 Louis,25,78619,Montserrat
toddbrenda,amandabennett@gmail.com,Suzanne,Davis,1913-06-04,358 Ramirez Vista Suite,481,53603,Korea
nanthony,hornerachel@hotmail.com,Kayla,Fry,1989-06-04,009 Theodore,68,18084,Belize
zacharywilcox,michellefarmer@hotmail.com,Sheri,DVM,2018-09-22,534 Craig,125,57490,Jersey
jason50,ohughes@yahoo.com,Eduardo,Nguyen,1952-06-18,667 Lam,52,58002,Kenya
qsmith,darin99@yahoo.com,Samuel,Hunter,1987-11-13,7248 Wiggins Overpass Apt.,055,35446,Estonia
xjarvis,veronica93@gmail.com,Jose,Anderson,1941-10-23,677 Lucas Canyon Apt.,403,75547,Sudan
twolfe,jessica57@yahoo.com,Andrew,Guerra,1916-10-02,96473 Stephens Villages Apt.,512,89648,Lao People's Democratic Republic
sandrapetersen,dhood@yahoo.com,Renee,Ruiz,1974-04-25,9883 Allen Meadows Apt.,419,45471,Korea
marissa93,cbuck@yahoo.com,Mary,Curry,1987-07-16,12596 Jeremy Trace Apt.,999,07129,United Kingdom
parkerkatherine,xhill@hotmail.com,Rachel,Alvarez,1960-03-11,5485 Black Trafficway Suite,200,57556,Niger
suarezkimberly,mikaylajones@yahoo.com,Mr.,PhD,1932-04-03,3322 Dennis Mount Suite,155,02823,Marshall Islands
smithashley,wilsonryan@hotmail.com,Jessica,Rios,1941-09-11,0493 Deborah Mountain Apt.,650,92981,Botswana
thomas80,hannahfrye@hotmail.com,Juan,Warren,2005-01-10,71162 Nelson Forest Apt.,786,46386,Indonesia
matthewmcdonald,robynle@hotmail.com,Kathleen,Haynes,1969-02-01,2016 Makayla Lodge Suite,517,67947,Comoros
solomonkrystal,mcdonaldjessica@hotmail.com,Emily,Johnson,1917-03-10,53480 Weeks Brooks Apt.,679,42681,Saint Lucia
howard63,roger95@hotmail.com,Mrs.,Turner,1999-12-06,53727 Johnson,5,18962,Angola
wallkylie,johnsontracey@hotmail.com,Brian,Evans,1967-02-23,5641 Scott Locks Suite,482,37792,Hong Kong
iallen,stanleypaul@yahoo.com,Jose,Mendoza,1944-01-03,566 Amber,186,16960,Christmas Island
lclark,tony31@yahoo.com,Patricia,Brown,2025-02-19,1845 Heather Groves Suite,157,81739,Ethiopia
justin02,simsadam@gmail.com,Donald,Hill,1924-04-10,Unit 2760 Box,4898,53971,Ethiopia
icarter,zdunn@gmail.com,Jason,Matthews,2006-01-19,945 Allen Divide Suite,318,29494,Peru
smithshannon,sharrison@yahoo.com,Jennifer,Hebert,1961-06-27,6086 Adams,162,06003,Maldives
tonya43,joshua12@yahoo.com,Samuel,Crane,2008-08-01,USNS,153,88116,Hong Kong
hsmith,tonycrawford@yahoo.com,Ana,Johnson,2021-01-07,98040 Wilkins,122,54498,Korea
carolynhenderson,zrodriguez@yahoo.com,Bradley,Smith,1984-05-21,3328 Carmen Rest Suite,240,36239,United States Minor Outlying Islands
gabriellecooper,hhoover@gmail.com,Joseph,Randall,1951-05-28,34353 Torres,77,87255,Burkina Faso
zavalashawn,xdavis@gmail.com,Alexander,Hebert,1997-12-04,3781 Kevin,160,48140,Brazil
thomasjustin,joannenavarro@yahoo.com,Andrew,Blanchard,1919-05-24,154 Mckenzie Drives Apt.,715,49163,Northern Mariana Islands
ahardy,wglenn@hotmail.com,Taylor,Cummings,1920-09-12,52864 Howard,35,08238,Djibouti
ythompson,richard12@hotmail.com,Katherine,Wilson,2024-05-24,1715 Anderson Rapids Suite,379,81428,Andorra
hannah20,rebeccahamilton@gmail.com,Nicholas,Jacobson,2001-04-13,8911 Debra Trail Apt.,615,06376,Peru
paynesara,dparks@yahoo.com,William,Johnson,1958-08-11,3438 Mercado,74,28678,Oman
ascott,morrisamy@hotmail.com,Erin,Jackson,1919-04-12,171 Joshua,162,81285,Fiji
dcastro,timothyvillarreal@gmail.com,Brian,Robinson,1997-12-07,1660 Jenkins Lake Suite,370,26719,Wallis and Futuna
rwhite,jenniferwilliams@hotmail.com,Robert,Valdez,2020-10-03,311 Kyle,43,26774,Palestinian Territory
jennifermiller,williamscatherine@hotmail.com,Yolanda,Hardy,1952-06-15,544 Medina,180,62410,Myanmar
tammyortiz,elizabethsparks@yahoo.com,David,Gutierrez,1987-01-02,39351 Cannon Unions Apt.,432,76364,Bouvet Island (Bouvetoya)
amccormick,qcoleman@yahoo.com,Ashley,Smith,1929-09-15,79903 Garza Plaza Suite,080,88402,Denmark
vincentsamantha,christopher45@yahoo.com,Marie,Dawson,2010-05-11,8818 Rice,17,90703,Micronesia
kendradrake,jackie77@yahoo.com,Heidi,Lopez,2014-11-18,0849 Santiago,56,24522,Chile
perrykelly,donaldharris@gmail.com,Mallory,Lopez,1968-01-12,196 Thomas Mews Suite,090,93435,Cambodia
michael25,rzimmerman@gmail.com,Jonathan,Harrington,2006-04-07,771 Gonzalez,196,74310,Latvia
kenneth33,brittany86@hotmail.com,William,Wood,2003-06-20,Unit 7964 Box,8282,07125,Switzerland
yreed,washingtonchelsea@hotmail.com,William,Pena,1921-10-18,053 Hawkins,66,81253,Sudan
robinsanchez,richard06@hotmail.com,Nicholas,Blanchard,2000-05-11,89163 William Drive Apt.,635,82783,Egypt
robinsonsean,teresa79@hotmail.com,Maria,Abbott,1972-09-15,70272 Timothy Trail Apt.,270,79222,Cote d'Ivoire
gsmith,alyssa07@yahoo.com,Benjamin,Moreno,1943-01-23,43034 Larsen,12,26566,Tuvalu
rhammond,davidknight@hotmail.com,Mark,Foley,1995-02-18,37245 Hayes Road Apt.,214,13029,Norway
brittanypalmer,kathleenwang@gmail.com,George,Morales,1998-05-28,10025 Simmons Fort Apt.,763,74898,Iceland
erica62,wross@hotmail.com,Rebecca,Ramirez,1930-04-29,5480 Kerr,157,11376,Puerto Rico
qwilliams,dgordon@hotmail.com,Jordan,Russell,1965-07-25,4019 Jerome Island Apt.,700,92189,Portugal
thomas84,allenlisa@gmail.com,John,Waller,1951-11-26,2086 Burns Ports Apt.,113,94490,Macedonia
plee,mark52@gmail.com,Tonya,Bennett,1924-10-26,2218 Morales,27,08975,Sao Tome and Principe
sarastark,anthonydavis@yahoo.com,Dale,Wilson,1942-06-22,53961 Jones,12,71303,Denmark
victoria60,udixon@gmail.com,James,Martinez,1972-08-27,89425 Jason,119,80213,Iraq
xhobbs,rogergilmore@gmail.com,Sylvia,Marks,1931-10-28,0295 Jones,88,64408,Northern Mariana Islands
millerrichard,patrickmontoya@yahoo.com,Taylor,Whitaker,1985-11-15,72189 Christine,109,91812,Trinidad and Tobago
gutierreztamara,jmacias@hotmail.com,Christine,Cook,1911-03-04,0207 Ferguson Course Apt.,098,17913,Iceland
lovechristian,frostwilliam@hotmail.com,Monica,Lawson,1934-04-27,2935 Julie,62,80133,Wallis and Futuna
ortizerin,sharon11@hotmail.com,Elizabeth,Johnson,2008-11-18,43605 Lutz Turnpike Suite,428,07930,China
martinian,kristinlloyd@gmail.com,Cynthia,Gonzalez,1944-08-16,8460 Marcia Plain Suite,315,15058,Guam
vaughntammy,longernest@hotmail.com,John,Anthony,1979-10-10,970 Margaret Mountain Apt.,993,57196,Sweden
huertamisty,bassmichelle@gmail.com,Mindy,Herrera,1998-11-06,Unit 2626 Box,8127,64916,Saint Lucia
osmith,bbrown@gmail.com,Gilbert,Mcdonald,2017-10-26,Unit 5664 Box,9732,22291,Guam
kingcourtney,patricia22@yahoo.com,Bryan,Wallace,1954-11-14,9352 Moore Ville Apt.,429,12976,French Guiana
amandabecker,annaflores@hotmail.com,Kathryn,Carlson,1949-12-14,70453 Elizabeth,57,58879,Solomon Islands
michael30,jarvisdean@hotmail.com,Kyle,Fischer,1942-11-06,593 David Drives Apt.,003,66836,Slovenia
amy73,george52@hotmail.com,Charles,Sanchez,1974-10-21,984 Rollins,159,66026,Paraguay
matthew23,vperez@gmail.com,Jennifer,Bernard,1949-12-07,70450 Sarah,172,91872,Croatia
lawrence90,grantbrittany@hotmail.com,Stephanie,Walls,2011-10-20,056 Harry Courts Suite,703,81366,Malaysia
wilsonjoseph,timothybrown@gmail.com,James,Torres,2006-09-11,22019 Patrick,128,25362,Philippines
greenedarrell,snowbrenda@hotmail.com,Sean,Baxter,1941-05-28,6358 Sarah Spur Apt.,583,27265,Equatorial Guinea
houstonshannon,yanderson@hotmail.com,Amanda,Wagner,1961-09-16,59568 Powell Brooks Apt.,749,71518,Bermuda
brianna26,johnsonmatthew@yahoo.com,Larry,Love,1910-10-17,01588 Rodriguez,95,09472,Cyprus
opoole,ylynn@yahoo.com,Nicole,Wood,1929-05-23,1241 Kayla Row Suite,286,77656,Germany
newmanedward,rodriguezalexandra@hotmail.com,Michelle,Ross,1939-10-20,5443 Juan,100,48675,Antarctica (the territory South of 60 deg S)
carlsoncasey,wolfrebecca@yahoo.com,Roger,Barrett,1995-08-10,79705 Jeff,178,56969,Gibraltar
christy85,wsherman@hotmail.com,Alexander,Robinson,1997-11-30,2947 Gaines Mews Apt.,073,35892,Pakistan
thomasbrett,kathymanning@gmail.com,Tommy,Morgan,2011-04-27,22678 Jessica Parks Suite,884,22672,Saint Martin
andrea73,molly76@gmail.com,Amanda,Nelson,1941-04-11,7504 Anna Island Apt.,419,68634,Guinea
victorlee,catherine78@gmail.com,Joseph,Gonzalez,1944-11-30,35277 Young Summit Apt.,998,80759,China
connor44,lindsay54@hotmail.com,Alejandra,Velasquez,1938-06-06,0334 Laura Prairie Suite,622,31232,Cote d'Ivoire
robinsonjoan,vstewart@gmail.com,Andrew,Martinez,1910-04-26,93090 Roberts,172,85615,Mexico
dwilliams,lhernandez@gmail.com,Christina,Stephens,1979-02-26,713 Mary Road Suite,713,47469,Papua New Guinea
barbara17,yburch@yahoo.com,Matthew,Everett,2024-12-28,67197 Martinez,147,11474,Saint Barthelemy
rileymichael,mary62@hotmail.com,Rebecca,Phillips,1950-10-21,34799 Campbell,69,71342,Denmark
william35,ryanamanda@yahoo.com,Dan,Blackwell,1956-04-24,4428 Mitchell,38,51060,Indonesia
barbara54,wesley45@gmail.com,Thomas,Larsen,1941-07-03,216 Ellison Lodge Apt.,007,89472,Japan
kfigueroa,hhuber@yahoo.com,Barbara,Reyes,2009-03-22,150 Christine,86,15726,Bolivia
kenneth74,dawn52@yahoo.com,Heather,Reyes,1939-02-16,3296 Logan,32,47949,Ukraine
robertsashley,lewiskimberly@gmail.com,Micheal,Price,1954-07-21,052 Michael,96,72576,Sri Lanka
karen86,christine96@hotmail.com,John,Lee,1919-12-29,32326 Gordon Prairie Apt.,527,19933,Bulgaria
rgreen,lmitchell@hotmail.com,Cameron,Wolf,1929-06-04,276 Park Bridge Apt.,937,21313,Western Sahara
williamrose,robertpayne@gmail.com,Brooke,Gonzalez,1949-01-03,142 Dunn Lake Apt.,701,09291,Bangladesh
jacob18,thomas64@hotmail.com,Michael,Wolfe,1978-05-11,43194 Cook Views Suite,369,86825,Saudi Arabia
justinmorales,stephen04@gmail.com,Brittany,Petersen,1952-11-15,Unit 6683 Box,7437,88111,Madagascar
ericabrown,danielle48@hotmail.com,Melissa,Clark,1991-06-16,USNS,188,51347,Slovenia
william04,brownnicholas@hotmail.com,Michael,Avila,1933-08-11,9771 Chen,44,87628,Antarctica (the territory South of 60 deg S)
mluna,carol27@hotmail.com,Jacob,Mahoney,1915-01-27,581 Beth Ford Suite,912,69363,Ireland
umyers,qlandry@yahoo.com,Shannon,Hatfield,1951-06-21,520 Rachel Overpass Apt.,014,72106,Algeria
justinmoore,debra25@hotmail.com,Allison,Sanchez,2008-01-07,874 Reed Tunnel Suite,932,62080,Togo
bradleyandrew,heatherellis@hotmail.com,James,Clark,1996-01-29,54117 Joseph,62,66549,Pitcairn Islands
lukejohnson,gonzalezrobert@yahoo.com,Teresa,Miller,1950-11-08,USNV,149,60834,Ghana
davenportwendy,douglasdudley@gmail.com,Margaret,Walters,1999-03-06,10741 Williams,149,15452,Taiwan
iharris,pagecrystal@yahoo.com,Paul,Pacheco,1971-10-06,1126 Alvarez Ports Apt.,138,36543,United States Virgin Islands
batesraymond,petersonmary@yahoo.com,Russell,Gibson,2020-04-01,74300 Lopez Springs Suite,055,52033,Belgium
rsmith,mitchellcraig@hotmail.com,Elizabeth,Houston,1982-10-04,USCGC,111,42081,Burundi
rodneyrice,russellsean@gmail.com,Steven,Rodriguez,1926-01-28,5086 Jack,43,08426,French Guiana
kfreeman,wilsonryan@gmail.com,John,Cowan,1930-03-19,52125 Connie,53,52938,Peru
tiffanyburgess,kbanks@yahoo.com,Tiffany,Clark,1964-08-27,23485 Kevin,178,75958,Finland
leebruce,robert31@gmail.com,Marcus,Best,2016-12-17,38124 Herrera Greens Apt.,636,25994,Japan
daniel31,bookermichael@gmail.com,Jacob,Parker,1914-02-27,793 Albert Meadows Suite,275,87556,Taiwan
doyletina,erica39@gmail.com,Tyler,Greene,1910-02-11,422 Robert,153,68181,Botswana
bryce87,edwardshannah@hotmail.com,David,Martinez,1962-09-03,26829 Gaines Station Apt.,673,39779,Panama
htaylor,alexander53@gmail.com,Tammy,Myers,1999-11-23,8494 Michael Mall Suite,502,89995,Egypt
pattonrichard,philipsanchez@hotmail.com,Jessica,Moore,1927-11-02,44508 Good Plain Apt.,682,92663,Mauritania
brianharrison,hdickson@yahoo.com,Norma,Jefferson,1944-12-14,13569 Jesse Spur Apt.,968,06467,Uzbekistan
brogers,clementsedgar@yahoo.com,Gabriel,Williams,2017-09-12,3906 Ryan,65,11668,United Kingdom
vincentstephanie,hdunn@hotmail.com,Vicki,Morrison,1941-06-19,964 William,23,48851,United States of America
belindaraymond,jamesestrada@gmail.com,David,Braun,2001-12-19,6622 Lee Expressway Suite,035,07278,Mali
stricklandmichael,davisjulie@yahoo.com,Mr.,Morris,1967-03-06,USCGC,36,43429,Angola
oliverbeth,jennifer45@yahoo.com,Crystal,Miller,1951-02-05,641 April,167,07592,El Salvador
vbates,mary15@yahoo.com,Erika,Harding,1956-01-03,4222 Tina Glens Apt.,984,48143,Aruba
kyleberger,fordhannah@yahoo.com,Eric,Obrien,2002-11-23,031 Johnson,55,51841,Syrian Arab Republic
annwilson,kelsey97@gmail.com,Mark,Lam,1982-07-28,76754 Stacy Extension Apt.,499,62632,Netherlands Antilles
belltimothy,deanna08@yahoo.com,Melissa,Wallace,2011-11-29,807 Walker,49,51911,Uzbekistan
henry74,xlarson@gmail.com,Jessica,Gordon,2012-09-09,509 Amanda,18,03983,Tajikistan
maynardsean,derekharper@hotmail.com,Julian,Johnson,1959-09-19,387 Jones Orchard Apt.,844,29045,Anguilla
laura78,imiller@yahoo.com,Terrence,Khan,1948-07-26,793 Felicia Extension Apt.,561,90490,Algeria
kayla72,downsjeffrey@hotmail.com,Christina,Smith,1916-06-16,3406 Armstrong Turnpike Suite,812,80514,Micronesia
staceybrooks,stephenpena@hotmail.com,Troy,Payne,1961-06-26,124 Scott,132,16588,South Africa
laura45,diazjulie@hotmail.com,Samantha,Spencer,2002-01-20,521 Judy Isle Apt.,741,16135,Bolivia
mhamilton,calebwatson@gmail.com,Bryan,Moore,2019-04-26,161 Leah Knoll Suite,536,03031,Colombia
maria33,aarnold@gmail.com,John,Barnes,1987-08-28,2867 Summer,62,85832,Chile
johnsonmark,cooperricky@hotmail.com,Rebecca,Sullivan,1961-01-22,Unit 1122 Box,8252,33344,Guam
nmccarty,robert65@gmail.com,Chad,Underwood,1928-04-09,1285 Figueroa,48,18256,Qatar
jacksonapril,tonya72@gmail.com,Kristi,Diaz,1987-01-15,540 Armstrong,35,12844,Nigeria
robertjimenez,melissadunn@yahoo.com,Ryan,Mccann,2007-07-06,37872 Stephanie Valleys Suite,409,90158,Bahamas
owilson,victoriathomas@yahoo.com,April,Berry,2010-03-30,592 Samantha,81,52549,Tunisia
michael53,tanyaberry@gmail.com,Shannon,Watkins,1986-01-29,72926 Steven Mountains Apt.,605,24142,Uzbekistan
ugood,herrerapatricia@hotmail.com,Terri,Price,1944-11-14,92431 Thomas,13,16330,Cocos (Keeling) Islands
tonyacoleman,moniquejohnson@hotmail.com,Anthony,Johnson,2021-08-09,USNV,29,69090,Ecuador
jenniferbrock,imaldonado@yahoo.com,Brenda,Mendoza,1952-12-15,47754 Stephanie,67,01823,Spain
samanthahampton,hernandezmichael@hotmail.com,Thomas,Robles,1962-11-12,4584 Carr,149,01845,Benin
angela95,kyork@hotmail.com,Wendy,Jenkins,1949-01-15,6393 Virginia Extensions Suite,058,57532,Liechtenstein
angela63,cindylopez@gmail.com,Christopher,Madden,1989-10-07,53145 Austin,71,13027,Mali
xdavis,calebbell@hotmail.com,John,French,1970-02-24,404 Gibson,145,03195,Saint Vincent and the Grenadines
crystalshelton,susan86@yahoo.com,Megan,Bishop,1984-02-12,841 Mercado,61,57273,Benin
rfoster,mooneyandrew@gmail.com,Steven,Johnson,2003-12-08,485 Jessica,36,89197,United Kingdom
pdavenport,chambersjoseph@yahoo.com,Zachary,Hawkins,1990-03-17,05247 Johnson,144,53852,Mauritania
cjordan,megan78@yahoo.com,Eric,White,2006-08-21,635 Christina Park Suite,731,68684,American Samoa
thomasgilbert,sharonfisher@yahoo.com,Keith,Soto,1953-07-24,60534 Rocha Cove Suite,374,23893,Qatar
jordanhenry,alexandramedina@yahoo.com,Tara,Ruiz,1972-11-17,2637 Claudia,193,06324,Kazakhstan
benjaminmonroe,bakerjohn@hotmail.com,Michelle,Holt,2004-06-01,5394 Ryan,74,78861,Tajikistan
nicholasstephens,friedmandavid@yahoo.com,Brittney,Harding,1947-01-26,394 Steven Cove Apt.,831,20756,Sao Tome and Principe
john23,jschmidt@hotmail.com,Amber,Potter,1968-12-03,5934 Brown Stream Suite,737,92900,Paraguay
eblake,hpacheco@yahoo.com,Matthew,Conley,2004-10-09,43113 Roger Street Suite,065,70402,San Marino
vwall,torresvalerie@hotmail.com,Dr.,Brown,1977-04-20,50958 Weaver Plaza Suite,197,31003,British Indian Ocean Territory (Chagos Archipelago)
vrodriguez,elizabeth50@gmail.com,Walter,Morgan,2021-05-13,9174 Anna,30,14727,Brazil
mwheeler,websterjoseph@yahoo.com,Martin,Smith,1981-12-03,7654 Sean Gateway Apt.,039,63758,South Georgia and the South Sandwich Islands
carlalindsey,kimberlyfisher@hotmail.com,Dustin,DVM,1963-06-18,89166 Caroline,171,56618,Saint Martin
mcdonaldlinda,jennifer51@hotmail.com,Charles,Rios,2009-05-20,037 Martinez Gardens Apt.,941,53307,Guyana
nbennett,debramartinez@hotmail.com,Mark,Lee,1973-04-26,8217 Ward Union Apt.,734,42991,Sudan
owensedward,joycemichelle@yahoo.com,Jacqueline,Singleton,1933-08-03,6226 Holly,137,91709,Cameroon
smithbrian,loganveronica@yahoo.com,Dr.,Garza,2020-07-29,0348 Mary,159,07990,Mexico
johnsonjenna,wcastillo@gmail.com,Jennifer,George,1936-12-19,130 Sean Lakes Suite,872,75939,Algeria
colleencontreras,martinfranklin@yahoo.com,Donald,Carter,1994-10-26,5876 Monica,105,53855,Italy
plopez,ocraig@gmail.com,Sheila,Mcconnell,1970-08-16,149 Rebecca Trace Apt.,344,77785,Dominica
lcook,james60@gmail.com,Ashley,Rivera,1943-05-14,5885 Kenneth,69,65173,Ethiopia
mblair,richard31@gmail.com,Lisa,Rodriguez,1925-10-10,39644 Jennifer,54,06743,Libyan Arab Jamahiriya
gwolf,dixonmelody@hotmail.com,Jennifer,Price,2004-12-02,591 Gail,25,05657,Venezuela
rogersangela,ochaney@gmail.com,Rebekah,Jones,2023-03-13,7016 Chelsea,157,73940,Lithuania
richardperez,summerschristopher@gmail.com,Jack,Miller,1981-05-18,667 Jessica,118,44936,Fiji
khorton,donna24@gmail.com,Karen,Williams,1998-04-17,7740 Michael Drive Suite,133,97953,Antigua and Barbuda
megan89,douglasmiguel@yahoo.com,Kevin,Smith,1953-12-15,853 David Island Suite,031,90803,Sao Tome and Principe
davidsmith,coxdonna@gmail.com,Morgan,Howard,1946-06-21,2896 Patrick,116,46851,Andorra
hoffmankathy,lisa98@yahoo.com,Kevin,Edwards,1915-11-10,341 Foster,136,17382,Nepal
ethompson,ucarr@gmail.com,Jamie,Peterson,1960-06-01,4599 Ford,4,13963,Kyrgyz Republic
patricia26,felicia76@hotmail.com,Maurice,Baker,1931-04-21,334 Clark Junctions Apt.,606,22244,Uganda
bthompson,rogerswesley@gmail.com,Brian,Carrillo,1980-07-05,74444 Stephen Road Suite,691,71921,Ethiopia
ywebb,melissa35@gmail.com,Travis,Curry,2010-06-17,87864 Brittany,117,50817,Northern Mariana Islands
eryan,christopherjones@gmail.com,Meghan,Fuentes,1916-06-21,2743 Micheal Overpass Suite,543,68139,Ghana
wigginsanthony,opadilla@gmail.com,Brian,Sanders,1918-07-16,25693 Kathleen,100,10058,Eritrea
zmcdonald,sjones@hotmail.com,Courtney,Lee,1962-01-28,382 Michelle,24,12938,Sierra Leone
danny58,padillabrandon@yahoo.com,Edwin,Mcknight,1942-06-23,6711 Holmes,152,60018,United States Minor Outlying Islands
rossrodney,xscott@hotmail.com,Sandra,Turner,1936-11-10,38876 Wilson,137,18603,Lesotho
svalencia,uhogan@gmail.com,David,Browning,1935-08-31,41898 Craig Ranch Apt.,405,36720,Tuvalu
hstone,hstevens@gmail.com,Mariah,Foster,1933-09-22,"PSC 8155, Box",5256,20541,New Zealand
melissacohen,bennettchristy@gmail.com,Mary,Wallace,1929-03-20,11972 Townsend,157,77902,Congo
millerbrian,gordonrachel@yahoo.com,Marissa,Howell,2023-02-20,192 Robert,25,73431,Cambodia
stephen88,kevin40@yahoo.com,Sharon,Wallace,1960-12-19,415 Dixon,140,64410,Norway
jennifergreen,codymueller@gmail.com,Shannon,Allen,1986-01-19,0197 David,2,08898,Bhutan
michaelsantana,hallphillip@gmail.com,Jennifer,Craig,1961-05-28,572 Jesus,199,50456,Guernsey
adamfleming,wrodriguez@hotmail.com,Kaitlyn,Mcgee,2014-12-25,1199 Hernandez,41,71886,Rwanda
cmartin,hmarsh@yahoo.com,Randall,Evans,1924-06-01,2375 James Corners Apt.,882,26729,Portugal
danawalker,morrisrobert@hotmail.com,Bradley,Smith,2022-06-08,1782 Sanchez,123,66724,Ethiopia
deborah88,bhouston@yahoo.com,Noah,Perry,1962-12-25,63695 Colton,112,80157,Faroe Islands
woodsandrew,patricia56@hotmail.com,Adriana,Watson,1915-11-16,44261 Keith,95,42687,Heard Island and McDonald Islands
jessica36,eedwards@gmail.com,Logan,Walters,2006-08-25,541 Kimberly,42,24231,Mayotte
bradley31,amanda09@hotmail.com,Joe,Ferguson,1988-04-12,71266 Griffith Park Apt.,781,22690,France
fernandezaustin,wagnerjared@yahoo.com,Mariah,Bailey,1967-11-29,8273 Morgan,184,57830,American Samoa
eshepherd,phall@yahoo.com,David,Bradley,1997-08-02,62652 Martinez,142,26441,United States Virgin Islands
grayalexis,rowen@yahoo.com,David,Harrison,1960-11-20,202 Brenda,37,42059,Kenya
jray,xmorrison@gmail.com,Jordan,Stephenson,2010-12-31,890 Caroline Knoll Suite,783,19970,Papua New Guinea
amandahoffman,waltersmall@gmail.com,Emily,White,1971-06-29,0791 Cynthia Ramp Apt.,530,19595,French Polynesia
francosarah,ebell@yahoo.com,Chloe,Guzman,1923-12-11,56026 Thomas Tunnel Apt.,182,89769,Egypt
elizabethmiller,keithquinn@gmail.com,Jennifer,Bauer,1916-03-23,"PSC 5080, Box",0169,87230,Solomon Islands
roger75,chandlerjennifer@yahoo.com,Samantha,Hunt,1991-04-29,72104 Bullock,98,78441,Niger
hsolis,hutchinsonamber@gmail.com,Cassidy,Weiss,1978-01-18,838 Hamilton,5,38313,Bangladesh
sandraanderson,vvasquez@gmail.com,Chelsea,Brown,1916-09-04,667 Gibbs,121,64397,Puerto Rico
barrettsusan,danielcarlson@gmail.com,Barbara,Davis,1953-10-06,6056 Kimberly Lakes Apt.,846,57677,Venezuela
rjimenez,gillespiemartha@hotmail.com,Richard,Chan,1998-11-28,66473 Hardy,11,97788,Gabon
laura84,robertjacobs@hotmail.com,Michael,Cooper,1994-06-19,9095 Duncan,28,64605,Italy
mitchell22,santosemily@gmail.com,David,Miles,1974-09-11,825 Theodore,74,11731,Montserrat
suttonmatthew,amberhart@yahoo.com,Tracey,Rivera,1956-11-14,1172 Miller,196,02069,Macao
natalieflores,torrescarolyn@gmail.com,Jared,Nelson,2001-08-15,9994 Sanders Avenue Suite,233,99081,Greenland
ahunter,jeffrey31@hotmail.com,Bradley,Horne,1940-01-09,57266 Elizabeth,73,32931,Libyan Arab Jamahiriya
ychambers,iperez@yahoo.com,Phillip,White,1920-12-10,194 Carol Cliffs Apt.,147,12560,Armenia
frank34,oreynolds@hotmail.com,Bryan,Gardner,2013-02-01,04392 Guerrero Turnpike Apt.,735,58495,Moldova
sharonanderson,stephanie29@hotmail.com,Jennifer,Campbell,1946-06-13,813 Mitchell Ridges Suite,666,87790,Congo
parrishjordan,melissa95@hotmail.com,Tara,Winters,1926-12-18,175 Anderson Plain Suite,900,78696,New Caledonia
molinamichael,gjohnson@hotmail.com,Valerie,Price,1941-08-16,866 Patrick,148,60945,Venezuela
kimberlybenson,iwilliams@hotmail.com,Michael,Patel,1931-01-30,9945 Davis Ramp Apt.,917,91994,Iraq
john57,caitlin18@yahoo.com,Sarah,Blackwell,1985-05-23,457 Mack Freeway Suite,898,70917,Kuwait
erinrios,veronicameyer@gmail.com,Jeffery,Cooper,1953-01-29,3560 Smith,22,29011,Saint Martin
nicolewest,christopher82@gmail.com,Mary,Stone,2018-02-03,2460 Hall Greens Suite,662,90820,Ghana
brandi88,rachel42@yahoo.com,Wanda,Harper,2020-05-02,3535 Joseph Islands Suite,154,63906,El Salvador
april14,gburns@yahoo.com,Cynthia,Anderson,1917-05-25,887 Lacey Brook Suite,156,55288,Mozambique
matthewle,robbinssara@yahoo.com,Diana,Hancock,1915-08-30,54248 David,138,75485,Colombia
stephaniehester,raymondrobin@hotmail.com,Franklin,Zimmerman,1966-06-27,277 Hernandez Fields Apt.,509,39591,New Zealand
debra08,williamsnicholas@hotmail.com,Stacy,Morales,1982-07-01,5648 Donald Glen Suite,236,37770,Ecuador
yugordon,anna21@hotmail.com,Bradley,Baker,2023-04-27,69273 Ochoa Green Apt.,491,13344,Yemen
michael74,richard09@yahoo.com,Monica,Salas,1970-11-15,3399 George Crossing Suite,739,82349,Burundi
dstephens,wilsonmadison@hotmail.com,Charles,Soto,1933-08-30,4236 Stephanie,93,01475,Nicaragua
josephanderson,rogerbarnett@hotmail.com,Kimberly,Murray,1967-09-05,068 Vanessa Tunnel Suite,057,90526,Belize
johnsoncarlos,smithlawrence@gmail.com,Michael,Levine,1973-07-06,577 Jackson Route Suite,515,70678,Montenegro
woodardmaria,hawkinszachary@hotmail.com,Kaitlyn,Ramirez,2001-09-23,81082 Oneal Neck Suite,649,72063,Costa Rica
michael10,hendersonjeremy@hotmail.com,Brendan,Norman,2011-08-28,025 Leah,22,41571,Spain
davidsondale,rmedina@yahoo.com,Amanda,Leach,1928-12-15,775 Warren,10,69543,Morocco
anthonycunningham,emyers@gmail.com,Emily,Mora,1913-05-21,Unit 4032 Box,4187,01976,Kiribati
uduffy,andrewriley@yahoo.com,Jessica,Guzman,1986-02-22,Unit 3665 Box,0502,43150,Russian Federation
randolphjoseph,laura16@gmail.com,Andrew,Johnson,1929-02-18,"PSC 0476, Box",3013,26166,El Salvador
dominique58,hillteresa@gmail.com,Mr.,Glenn,1950-01-24,76770 Gregory,30,92617,Kuwait
ohurley,andrew44@yahoo.com,Katrina,Marshall,1977-02-06,055 Jennifer Loaf Suite,473,48450,Malawi
karenporter,amandaorozco@gmail.com,Michele,Moore,1915-10-03,564 Wendy Trail Suite,937,93449,Georgia
leahedwards,gatesjessica@hotmail.com,Hannah,Cain,1973-02-02,0512 Tammy Wall Apt.,774,10602,Uzbekistan
conwayalexandra,crawfordbrian@gmail.com,James,Smith,1989-12-07,"PSC 0788, Box",7735,18989,Jamaica
jimmy68,seanhuff@hotmail.com,Russell,Spencer,1952-11-23,"PSC 5536, Box",0438,01045,Equatorial Guinea
angela08,jasminestewart@hotmail.com,Jason,Cummings,1922-01-21,8110 Derrick Ford Apt.,205,68216,Hungary
andrew14,jamesmiller@yahoo.com,William,Shaffer,1977-01-18,9632 Acevedo Trafficway Apt.,870,95834,Namibia
dwagner,pray@yahoo.com,Lauren,Moss,1936-07-02,116 Thomas Greens Suite,347,29388,Ghana
mmaxwell,wardcharles@yahoo.com,Kim,Olsen,1930-12-29,5196 Chase Parkways Suite,982,19167,Singapore
williejones,jlee@gmail.com,David,Taylor,1910-06-18,"PSC 8903, Box",0296,63916,Nigeria
davidcole,fstafford@yahoo.com,Lynn,Mitchell,1960-10-26,Unit 3528 Box,2237,32830,Finland
wilsonhannah,vwhite@yahoo.com,Holly,Bartlett,2008-08-05,"PSC 7588, Box",6520,65567,United States Virgin Islands
jeff67,chelseagonzales@hotmail.com,Terry,Martinez,2014-04-29,680 Denise,129,56811,Saint Lucia
uhoffman,calebfrazier@hotmail.com,Sara,Myers,1943-07-17,57109 Stephen Stream Apt.,416,08829,Mayotte
anthonyroy,xthomas@yahoo.com,Kristen,Brady,2016-06-22,151 Collins,108,96291,Guyana
jamesmartinez,castilloryan@gmail.com,Derek,Malone,1934-10-02,567 Sean Parkways Suite,070,37970,Palestinian Territory
edwardsveronica,lisahaney@yahoo.com,Cheryl,Brooks,1996-05-19,92977 Hall Curve Apt.,830,82299,Falkland Islands (Malvinas)
millermichael,maureen38@gmail.com,Veronica,Taylor,1953-05-23,"PSC 2733, Box",2097,35130,Benin
johnsonjasmine,amanda45@gmail.com,Aaron,Adams,1926-03-17,58876 Michael Rest Suite,951,40052,Reunion
adamsjessica,john35@hotmail.com,Allen,Hickman,1925-10-13,8589 Mia Heights Apt.,690,92941,Vanuatu
simmonsjohn,josephjohnson@gmail.com,Tina,Cruz,1946-11-18,2102 Linda,180,22009,El Salvador
ndouglas,adriancarter@gmail.com,William,Velazquez,2020-03-03,753 Elizabeth Mission Suite,879,01185,Anguilla
amandamartinez,dawnhumphrey@hotmail.com,Richard,Nelson,1947-04-24,2483 James Brooks Suite,736,52658,Lithuania
larry00,keithschwartz@yahoo.com,Brent,Larson,1914-12-05,Unit 7708 Box,6652,76352,Colombia
bishopstacey,nathanielsharp@gmail.com,Kristina,Lee,1989-02-27,2499 Lopez Lake Suite,846,65195,Wallis and Futuna
laurie94,edward88@gmail.com,Renee,Simon,2011-07-01,54151 Samantha Road Suite,998,82339,Gabon
richardsjames,browntodd@gmail.com,Kaitlyn,Walker,1912-11-27,024 Strickland Pike Apt.,566,23950,Papua New Guinea
barbara41,curtisbuck@gmail.com,Tracy,Vega,2003-09-28,5615 Williams Spur Apt.,040,77094,Albania
bushkatherine,cvance@hotmail.com,John,Phillips,1919-08-16,78743 Ewing,125,79894,Cameroon
ralph76,mrobinson@yahoo.com,David,Mcintyre,1957-12-05,708 Hartman,45,58353,Gibraltar
iwalker,davidyoung@hotmail.com,Joshua,Swanson,1973-09-12,114 Johnson,132,72555,Micronesia
briana29,clarkrobert@gmail.com,Gregory,Barker,1912-03-03,1119 Stone,160,53986,Puerto Rico
laurensnyder,amandahiggins@hotmail.com,David,Edwards,1922-03-24,10442 Black,126,82375,Isle of Man
jlopez,wjackson@yahoo.com,Peter,Hall,1922-04-02,USS,27,64549,Brunei Darussalam
joy36,vhughes@gmail.com,Lisa,Terrell,1972-02-11,7471 Jacob,184,30649,United States Virgin Islands
katieburton,alexanderjeffrey@hotmail.com,Gina,Johnson,1991-09-18,Unit 6932 Box,6071,54888,Taiwan
derekarroyo,scarson@hotmail.com,David,Moore,2014-08-15,70633 Randall Turnpike Suite,402,91840,Wallis and Futuna
fgray,kellybrown@yahoo.com,Rebecca,Robinson,1954-06-06,278 Thomas,195,02623,Tanzania
gyoung,christy87@hotmail.com,Nancy,Crawford,1972-02-15,3372 Joseph,76,22879,Burundi
bensonmary,rcohen@gmail.com,Leslie,Mack,2001-10-11,1031 Nathan Grove Suite,879,35138,Antigua and Barbuda
hillcathy,kstevens@gmail.com,Kathleen,MD,1918-08-25,USCGC,147,61246,Uganda
johnsantiago,sanchezjacqueline@hotmail.com,Jeffery,Dougherty,1929-06-18,5194 Michael,83,35070,Mali
rhamilton,paul40@gmail.com,Ebony,Thomas,1957-10-19,439 Hunter,132,79059,Ethiopia
carla52,richardsonthomas@hotmail.com,Nicholas,Mathis,1929-09-14,138 Valdez,172,52577,Colombia
bperez,bwillis@hotmail.com,Dr.,Harrison,1991-07-09,9636 Frank,66,14282,Anguilla
kjohnson,udunn@hotmail.com,Jeanne,Jennings,2010-10-24,105 Hoover Causeway Suite,582,29313,Tunisia
derekwiggins,belindakim@yahoo.com,Cassandra,White,1961-08-06,376 Strong Rapid Suite,088,03878,Dominica
librandon,jonathan55@gmail.com,Jeffrey,Sullivan,1985-10-04,74348 Williams,101,08163,Ecuador
bwilliamson,lwu@gmail.com,Megan,Brown,1932-06-01,2327 White,78,63216,Brazil
susan61,whitelisa@yahoo.com,Kevin,King,1914-01-08,36854 Mary,63,66369,Seychelles
brownjennifer,moorecraig@yahoo.com,Jose,Cook,1909-12-15,USS,104,52327,Philippines
pcastaneda,lsalas@gmail.com,Whitney,Jones,1986-01-06,Unit 0989 Box,5667,54180,Saint Pierre and Miquelon
megan11,michael22@hotmail.com,Jacob,Barker,2017-02-12,USCGC,148,83681,San Marino
tblack,hammondlisa@gmail.com,Amanda,Jones,1970-03-26,841 Freeman,47,77348,Benin
matthew34,smedina@hotmail.com,Melanie,Davis,1942-04-06,34792 Garcia Walks Suite,450,54919,Sweden
lindsayhoffman,william96@hotmail.com,Rebecca,Larson,1965-05-24,9528 Gina Skyway Suite,561,83851,Bahamas
lfields,dixonscott@hotmail.com,Patricia,Arroyo,1924-12-16,"PSC 7942, Box",8726,52915,Syrian Arab Republic
xrandolph,markbooker@yahoo.com,Betty,Mitchell,2013-03-30,78597 Ward Village Suite,711,99580,Lebanon
sampsonjustin,carla41@gmail.com,Maria,Smith,1981-04-08,4939 Michael Parks Apt.,789,60968,Sudan
adrianbrewer,colemancatherine@hotmail.com,Jamie,Bryan,1992-05-25,80613 William Shoals Suite,718,48650,French Guiana
samuel94,stephanie20@yahoo.com,Adam,Williams,1997-06-30,93553 Christopher Knoll Apt.,345,47106,United States Minor Outlying Islands
gouldedgar,colleen40@yahoo.com,David,Williams,2020-04-15,5628 Moore Forges Apt.,180,87736,Chad
whitenatalie,hsoto@hotmail.com,Kevin,Lee,1970-03-30,7363 Torres Corner Apt.,539,14736,Trinidad and Tobago
erika49,gileseric@hotmail.com,Lauren,Hurst,1947-02-03,80140 Jimmy Parkways Apt.,191,06126,Guadeloupe
laurie89,collierashley@hotmail.com,Karen,Sanchez,1943-12-10,1723 Lee Drives Apt.,803,78737,Costa Rica
iwalsh,davisnathaniel@gmail.com,Robert,Charles,1913-07-21,00799 Cantrell,198,02489,Wallis and Futuna
lthomas,umccoy@gmail.com,Lauren,Mccarty,1920-05-10,6877 Padilla,150,79616,Micronesia
tasha05,rkirby@hotmail.com,Brian,Hutchinson,1980-01-02,97841 Dean,27,20259,Japan
thomaskatie,space@yahoo.com,Cheryl,Bell,1914-04-03,57352 Amber,185,45587,Algeria
david21,johntaylor@hotmail.com,Christopher,Calderon,1939-05-07,24198 Taylor Extension Apt.,867,02480,Hungary
jasonbaker,ericaingram@yahoo.com,Justin,Murphy,1981-04-06,4127 Ruiz,76,14175,Macedonia
fwright,brownkendra@hotmail.com,Michelle,Richardson,1982-10-10,7747 Joshua,5,34976,Grenada
jacksonmegan,cclark@hotmail.com,Timothy,Sanchez,1912-08-25,9745 Jones Union Suite,682,86748,Romania
laurenhernandez,kelly02@hotmail.com,Janet,Huffman,1962-03-05,7714 Johnson Ports Suite,921,48264,Australia
brandi51,shannonanthony@hotmail.com,Jimmy,Phillips,1915-11-28,2729 Amanda Plains Apt.,786,08127,Christmas Island
benjamindavis,ryannathan@hotmail.com,Jose,Oneill,1964-09-01,76382 Debbie Keys Apt.,781,39223,Tunisia
jspears,katiechavez@yahoo.com,Phillip,Jones,2010-07-29,0031 Wilson Freeway Apt.,387,59158,Macao
murphyanita,nataliemitchell@gmail.com,Christian,Rodriguez,2016-10-02,"PSC 7114, Box",2036,62356,Antigua and Barbuda
codyjuarez,torresjaime@hotmail.com,Joseph,Schmidt,1932-09-21,85661 Victoria,142,67637,Italy
nstevens,daniel47@hotmail.com,Debra,Bell,1933-01-23,3565 Lewis,22,84642,Congo
hinesnathan,belljames@gmail.com,Courtney,Jones,1980-08-31,818 Palmer,158,05140,Togo
cooperrachel,dianeroberts@hotmail.com,Richard,Powers,1924-05-31,18370 Nguyen,26,06163,Kuwait
rachelpowers,robert71@hotmail.com,Timothy,Palmer,1918-08-19,4336 Cochran Mall Suite,686,89270,Canada
hphillips,frederick95@gmail.com,Amanda,Jackson,1942-12-12,439 Goodman,64,65648,Djibouti
knightmatthew,brendareynolds@hotmail.com,Samantha,DDS,2010-09-21,00035 Mitchell,149,84081,New Caledonia
tbryant,hoodrobert@gmail.com,Dr.,Mitchell,1921-11-29,1402 Meza,166,09965,Malta
josephruiz,lisa66@yahoo.com,Lori,Hernandez,2024-04-05,84699 Jeanne,16,46595,Antarctica (the territory South of 60 deg S)
mullenalyssa,jon24@hotmail.com,Phillip,Pace,1961-08-02,Unit 5276 Box,3716,07002,Malta
samuel95,eochoa@yahoo.com,Kathryn,Benitez,1950-06-04,13761 Keith,117,33020,Luxembourg
lwilliams,mlewis@gmail.com,Keith,Gibson,1936-03-29,6193 Mejia,159,09631,Taiwan
josephpeterson,wjohnson@hotmail.com,Theresa,Martin,2011-09-21,374 Bryant,55,16185,Congo
robertanderson,pamela00@gmail.com,Patrick,Rodriguez,1957-11-22,922 James,51,44258,Venezuela
vwilson,katieturner@gmail.com,Benjamin,Cooper,1952-12-29,212 Megan Vista Apt.,297,57729,Australia
hvalenzuela,kimberlycaldwell@yahoo.com,Ashley,Barnes,1955-01-22,65042 Trevor,195,67363,Egypt
kanejames,dtaylor@yahoo.com,Warren,Lee,1940-03-05,872 Adam,141,39742,Greenland
austinbriana,morganheather@hotmail.com,Nicholas,Rowland,1948-05-18,27740 Clements Court Suite,358,67730,Saint Barthelemy
asuarez,taylorchristopher@hotmail.com,Andrew,Sanchez,2023-11-01,41978 Schwartz Island Suite,474,56492,Kiribati
gonzalezfred,troy70@hotmail.com,Robert,Grant,1973-11-16,54246 Garza,50,70255,Aruba
arianamartinez,clarkcrystal@gmail.com,Eric,Torres,2012-01-22,1467 Amy Village Apt.,404,52568,Lithuania
ogordon,hudsonrobert@gmail.com,Gail,Potter,1996-02-05,430 Brandon,30,31764,Tonga
renee54,dandrews@hotmail.com,Matthew,Huff,1947-02-12,4145 Cohen,41,11351,Japan
katrina65,reynoldsjill@yahoo.com,Joshua,Hamilton,1939-08-01,700 Todd,186,89449,Netherlands
rachelwilliams,cbaker@yahoo.com,Andrew,Ward,1958-08-02,095 Benjamin,186,10587,Czech Republic
tammyramos,waynemartinez@gmail.com,Nathan,Herman,2001-10-13,971 Deborah Drive Suite,597,52901,Tokelau
amanda46,mary27@gmail.com,Rachael,King,1959-12-05,2132 Stacy,78,11601,Holy See (Vatican City State)
briana79,vincent63@gmail.com,Alicia,Hudson,2016-11-27,15185 Travis Oval Suite,596,68546,Tajikistan
qhendricks,jim21@hotmail.com,Kathleen,PhD,1966-10-01,0193 Misty,89,19914,Zimbabwe
ngriffin,uharper@yahoo.com,Debra,Webb,1950-11-03,055 Gibson,167,18655,Iran
smithbrenda,srobbins@hotmail.com,Tyler,Castro,1931-03-14,984 Leah Garden Suite,442,68169,Saint Pierre and Miquelon
joseph70,gfletcher@hotmail.com,Taylor,Dalton,1945-02-02,708 Wise,174,60996,San Marino
michael26,mhunt@gmail.com,Timothy,Cobb,1927-12-19,"PSC 6526, Box",0309,26015,Togo
delgadophilip,williamcastro@yahoo.com,David,Taylor,2008-01-01,8479 Morales Glen Apt.,188,98318,Guyana
fryekatherine,shawn95@hotmail.com,Christine,Tucker,1941-03-04,00841 Daniel,143,98319,Switzerland
julian13,traviswhite@yahoo.com,Joseph,Thomas,2022-02-11,81138 Robert,31,35129,Hungary
aaronclements,curtistimothy@yahoo.com,Lisa,Holland,1925-03-21,91657 Martin,21,57556,Australia
lewissara,ewingjulia@gmail.com,Julian,Perez,1958-03-25,31439 Danielle,120,98134,Grenada
william71,carterdawn@yahoo.com,Gina,Gonzalez,1980-12-25,6363 Forbes Shoal Suite,144,23149,Brunei Darussalam
mark09,cookjuan@hotmail.com,Scott,DDS,1951-08-28,476 Amanda Groves Suite,773,87816,Switzerland
timothy57,chensamantha@yahoo.com,James,Roberts,1957-01-28,258 Francisco,77,14902,Western Sahara
bmckee,nmartin@hotmail.com,Matthew,Rhodes,1968-08-01,7702 Yvonne Cove Suite,396,21823,Macao
lalexander,jennifer84@gmail.com,Kelly,Walls,1986-02-20,7830 Hall Shore Suite,934,03418,Malaysia
ronald89,keysamuel@gmail.com,Brittany,Adams,1968-09-20,9360 Briggs,167,55285,Solomon Islands
ramosdarryl,sarahdorsey@yahoo.com,Elizabeth,Carter,1937-02-21,420 Simmons,67,40927,Dominican Republic
jenniferwashington,barbara97@gmail.com,Cory,Wright,1940-03-20,898 Lisa,9,61084,Iran
patricia03,thomas34@hotmail.com,Cheyenne,Pham,1996-02-10,3779 Amanda Ranch Apt.,076,55469,Ecuador
robertsontravis,xcollins@yahoo.com,Sue,Williams,1968-06-03,5556 Richards,21,99735,Antarctica (the territory South of 60 deg S)
grahamkathleen,fraziermichelle@hotmail.com,Christopher,Hull,1967-05-21,"PSC 2074, Box",4168,69273,Serbia
austin67,econner@yahoo.com,Ian,Rodriguez,1940-11-06,96268 Boyd Rue Suite,609,83720,United Arab Emirates
williamwebb,aguilarlisa@yahoo.com,Mrs.,Howe,1956-05-19,"PSC 1612, Box",0051,02331,France
boltonjoshua,emcbride@yahoo.com,Brian,Jones,1926-12-04,91589 Wiggins,116,28420,Nicaragua
gmckay,tiffany00@hotmail.com,Jennifer,Woodward,1956-10-27,388 Warren Oval Apt.,346,16389,Sudan
sthompson,guzmanjohn@gmail.com,Angel,Hickman,1959-10-03,4236 Sullivan River Suite,488,98342,Montserrat
aburnett,robert94@hotmail.com,Christopher,Davis,1989-11-02,USNS,31,95502,Lesotho
dlopez,brianhudson@gmail.com,Tara,Yates,1939-10-23,58618 Blair Drives Suite,523,56250,Brazil
yhahn,smithbobby@yahoo.com,Timothy,Wilson,1982-02-19,30106 Jillian,100,58286,Botswana
transusan,brianna67@gmail.com,Jennifer,Smith,1973-08-11,1936 Leonard,65,75708,Netherlands Antilles
benjamin63,emily10@hotmail.com,Lonnie,Lewis,1935-05-27,"PSC 4301, Box",3875,28079,American Samoa
alyssa14,stacyhenderson@hotmail.com,Valerie,Myers,1947-12-29,32089 Villegas Mission Apt.,864,46154,Belarus
dalexander,melanie69@hotmail.com,Mrs.,Glenn,1911-07-18,"PSC 0628, Box",0928,63510,Swaziland
jhale,laura99@gmail.com,Bruce,Santos,1966-02-07,0639 Chloe Lights Suite,200,93331,New Caledonia
jschmidt,williamskeith@yahoo.com,Amanda,Morris,1966-09-13,403 Juan Walks Suite,301,01010,Tunisia
julian93,samantha50@hotmail.com,Crystal,Jones,1918-03-20,5363 Joseph,133,97731,Hungary
honeal,justin65@hotmail.com,Derek,Bradshaw,1953-04-22,USNV,59,59270,Iraq
jensenfrank,xhall@yahoo.com,Patrick,Hall,1961-11-17,98856 Ashley,108,90322,Mexico
